# WHO growth reference table, vendored for PoshanNetra AI (Section 6.4).
# source_url: https://cdn.who.int/media/docs/default-source/child-growth/child-growth-standards/indicators/weight-for-age/expanded-tables/wfa-boys-zscore-expanded-tables.xlsx
# retrieved: 2026-08-28
# sha256(source_xlsx): b5b4748c6bfa5230e2eddafa1767629c349178b08d457f400b59422b8bfef86c
# key column 'Day' is in days; rows: 1857
# sd* columns are WHO's OWN published cut-offs, kept only so the test
# suite can prove our LMS implementation reproduces them exactly.
key,l,m,s,sd3neg,sd2neg,sd2pos,sd3pos
0,0.3487,3.3464,0.14602,2.08,2.459,4.419,5.031
1,0.3127,3.3174,0.14693,2.065,2.437,4.394,5.013
2,0.3029,3.337,0.14676,2.08,2.454,4.421,5.045
3,0.2959,3.3627,0.14647,2.1,2.475,4.453,5.083
4,0.2903,3.3915,0.14611,2.122,2.499,4.49,5.124
5,0.2855,3.4223,0.14571,2.146,2.525,4.528,5.167
6,0.2813,3.4545,0.14528,2.17,2.551,4.568,5.211
7,0.2776,3.4879,0.14483,2.195,2.579,4.609,5.257
8,0.2742,3.5222,0.14436,2.221,2.607,4.65,5.303
9,0.2711,3.5576,0.14388,2.248,2.637,4.693,5.351
10,0.2681,3.5941,0.14339,2.276,2.667,4.738,5.4
11,0.2654,3.6319,0.1429,2.304,2.698,4.784,5.451
12,0.2628,3.671,0.14241,2.333,2.73,4.831,5.503
13,0.2604,3.7113,0.14192,2.363,2.764,4.88,5.558
14,0.2581,3.7529,0.14142,2.395,2.798,4.931,5.613
15,0.2558,3.7956,0.14093,2.426,2.833,4.983,5.671
16,0.2537,3.8389,0.14044,2.459,2.869,5.035,5.729
17,0.2517,3.8828,0.13996,2.491,2.905,5.089,5.787
18,0.2497,3.927,0.13948,2.524,2.941,5.143,5.847
19,0.2478,3.9714,0.139,2.557,2.977,5.196,5.906
20,0.246,4.0158,0.13853,2.59,3.014,5.25,5.965
21,0.2442,4.0603,0.13807,2.624,3.051,5.304,6.024
22,0.2425,4.1046,0.13761,2.657,3.087,5.358,6.083
23,0.2408,4.1489,0.13715,2.69,3.124,5.411,6.142
24,0.2392,4.193,0.1367,2.723,3.16,5.464,6.2
25,0.2376,4.2369,0.13626,2.756,3.197,5.517,6.259
26,0.2361,4.2806,0.13582,2.789,3.233,5.57,6.316
27,0.2346,4.324,0.13539,2.822,3.269,5.622,6.373
28,0.2331,4.3671,0.13497,2.854,3.305,5.674,6.43
29,0.2317,4.41,0.13455,2.887,3.34,5.725,6.487
30,0.2303,4.4525,0.13413,2.919,3.376,5.776,6.542
31,0.229,4.4946,0.13372,2.951,3.411,5.827,6.597
32,0.2276,4.5363,0.13332,2.982,3.445,5.877,6.652
33,0.2263,4.5776,0.13292,3.014,3.48,5.926,6.706
34,0.225,4.6185,0.13253,3.045,3.514,5.975,6.759
35,0.2237,4.659,0.13215,3.076,3.548,6.023,6.812
36,0.2225,4.699,0.13177,3.107,3.581,6.071,6.864
37,0.2213,4.7386,0.13139,3.137,3.615,6.118,6.915
38,0.2201,4.7778,0.13102,3.167,3.648,6.164,6.965
39,0.2189,4.8166,0.13066,3.197,3.68,6.21,7.016
40,0.2178,4.8549,0.1303,3.227,3.712,6.256,7.065
41,0.2166,4.8928,0.12994,3.256,3.744,6.3,7.114
42,0.2155,4.9303,0.1296,3.285,3.776,6.345,7.162
43,0.2144,4.9674,0.12925,3.314,3.807,6.388,7.209
44,0.2133,5.0041,0.12891,3.342,3.838,6.432,7.256
45,0.2122,5.0404,0.12858,3.37,3.869,6.475,7.303
46,0.2112,5.0763,0.12825,3.398,3.9,6.517,7.349
47,0.2101,5.1118,0.12792,3.426,3.93,6.558,7.394
48,0.2091,5.1469,0.1276,3.454,3.96,6.6,7.438
49,0.2081,5.1817,0.12729,3.481,3.989,6.641,7.483
50,0.2071,5.2161,0.12698,3.508,4.018,6.681,7.526
51,0.2061,5.2501,0.12667,3.534,4.047,6.721,7.569
52,0.2052,5.2837,0.12637,3.561,4.076,6.76,7.612
53,0.2042,5.3171,0.12607,3.587,4.104,6.799,7.654
54,0.2032,5.35,0.12577,3.613,4.133,6.837,7.696
55,0.2023,5.3826,0.12548,3.639,4.16,6.876,7.737
56,0.2014,5.4149,0.1252,3.664,4.188,6.913,7.777
57,0.2005,5.4468,0.12491,3.689,4.215,6.95,7.817
58,0.1996,5.4784,0.12463,3.714,4.242,6.987,7.857
59,0.1987,5.5097,0.12436,3.739,4.269,7.024,7.896
60,0.1978,5.5407,0.12409,3.764,4.296,7.06,7.935
61,0.1969,5.5714,0.12382,3.788,4.322,7.095,7.974
62,0.196,5.6018,0.12356,3.812,4.348,7.131,8.012
63,0.1952,5.6319,0.1233,3.836,4.374,7.166,8.049
64,0.1943,5.6617,0.12304,3.86,4.4,7.2,8.087
65,0.1935,5.6912,0.12279,3.884,4.425,7.234,8.123
66,0.1926,5.7205,0.12254,3.907,4.45,7.268,8.16
67,0.1918,5.7494,0.12229,3.93,4.475,7.302,8.196
68,0.191,5.7781,0.12205,3.953,4.5,7.335,8.232
69,0.1902,5.8065,0.12181,3.976,4.525,7.368,8.267
70,0.1894,5.8346,0.12157,3.998,4.549,7.4,8.302
71,0.1886,5.8625,0.12134,4.021,4.573,7.433,8.337
72,0.1878,5.8901,0.12111,4.043,4.597,7.464,8.371
73,0.187,5.9174,0.12088,4.065,4.62,7.496,8.405
74,0.1863,5.9445,0.12066,4.087,4.644,7.527,8.438
75,0.1855,5.9713,0.12044,4.108,4.667,7.558,8.471
76,0.1847,5.9979,0.12022,4.13,4.69,7.589,8.504
77,0.184,6.0242,0.12001,4.151,4.713,7.619,8.537
78,0.1832,6.0503,0.1198,4.172,4.736,7.649,8.569
79,0.1825,6.0762,0.11959,4.193,4.758,7.679,8.601
80,0.1818,6.1018,0.11939,4.213,4.78,7.709,8.633
81,0.181,6.1272,0.11918,4.234,4.802,7.738,8.664
82,0.1803,6.1523,0.11899,4.254,4.824,7.767,8.695
83,0.1796,6.1772,0.11879,4.274,4.846,7.795,8.726
84,0.1789,6.2019,0.1186,4.294,4.867,7.824,8.756
85,0.1782,6.2264,0.11841,4.314,4.888,7.852,8.787
86,0.1775,6.2507,0.11822,4.334,4.909,7.88,8.817
87,0.1768,6.2748,0.11803,4.353,4.93,7.907,8.846
88,0.1761,6.2986,0.11785,4.372,4.951,7.935,8.876
89,0.1754,6.3223,0.11767,4.392,4.972,7.962,8.905
90,0.1747,6.3457,0.1175,4.41,4.992,7.989,8.934
91,0.174,6.369,0.11732,4.429,5.012,8.016,8.962
92,0.1734,6.3921,0.11715,4.448,5.032,8.042,8.991
93,0.1727,6.4149,0.11698,4.466,5.052,8.069,9.019
94,0.172,6.4376,0.11682,4.485,5.072,8.095,9.047
95,0.1714,6.4601,0.11666,4.503,5.091,8.121,9.075
96,0.1707,6.4824,0.11649,4.521,5.111,8.146,9.102
97,0.1701,6.5046,0.11634,4.539,5.13,8.172,9.13
98,0.1694,6.5265,0.11618,4.557,5.149,8.197,9.157
99,0.1688,6.5483,0.11603,4.574,5.168,8.222,9.184
100,0.1682,6.5699,0.11588,4.592,5.187,8.247,9.211
101,0.1675,6.5914,0.11573,4.609,5.205,8.272,9.237
102,0.1669,6.6126,0.11558,4.626,5.224,8.296,9.263
103,0.1663,6.6338,0.11544,4.644,5.242,8.321,9.29
104,0.1657,6.6547,0.1153,4.66,5.26,8.345,9.315
105,0.1651,6.6755,0.11516,4.677,5.278,8.369,9.341
106,0.1644,6.6962,0.11502,4.694,5.296,8.392,9.367
107,0.1638,6.7166,0.11489,4.711,5.314,8.416,9.392
108,0.1632,6.737,0.11476,4.727,5.332,8.44,9.418
109,0.1626,6.7572,0.11463,4.743,5.349,8.463,9.443
110,0.162,6.7772,0.1145,4.759,5.367,8.486,9.467
111,0.1614,6.7971,0.11438,4.775,5.384,8.509,9.492
112,0.1609,6.8168,0.11425,4.791,5.401,8.532,9.516
113,0.1603,6.8365,0.11413,4.807,5.418,8.555,9.541
114,0.1597,6.8559,0.11401,4.823,5.435,8.577,9.565
115,0.1591,6.8753,0.1139,4.838,5.452,8.6,9.59
116,0.1585,6.8945,0.11378,4.854,5.468,8.622,9.613
117,0.158,6.9135,0.11367,4.869,5.485,8.644,9.637
118,0.1574,6.9325,0.11356,4.884,5.501,8.666,9.661
119,0.1568,6.9513,0.11345,4.9,5.517,8.688,9.684
120,0.1563,6.9699,0.11334,4.915,5.533,8.709,9.707
121,0.1557,6.9885,0.11324,4.929,5.549,8.731,9.731
122,0.1551,7.0069,0.11313,4.944,5.565,8.752,9.754
123,0.1546,7.0252,0.11303,4.959,5.581,8.773,9.777
124,0.154,7.0434,0.11293,4.974,5.597,8.794,9.8
125,0.1535,7.0615,0.11283,4.988,5.613,8.815,9.822
126,0.1529,7.0794,0.11274,5.002,5.628,8.836,9.845
127,0.1524,7.0972,0.11265,5.017,5.643,8.857,9.867
128,0.1519,7.1149,0.11255,5.031,5.658,8.878,9.889
129,0.1513,7.1325,0.11246,5.045,5.674,8.898,9.912
130,0.1508,7.15,0.11237,5.059,5.689,8.919,9.934
131,0.1502,7.1674,0.11229,5.073,5.704,8.939,9.956
132,0.1497,7.1846,0.1122,5.086,5.718,8.959,9.978
133,0.1492,7.2018,0.11212,5.1,5.733,8.979,9.999
134,0.1487,7.2188,0.11204,5.113,5.748,8.999,10.021
135,0.1481,7.2357,0.11196,5.127,5.762,9.019,10.042
136,0.1476,7.2525,0.11188,5.14,5.777,9.038,10.064
137,0.1471,7.2692,0.1118,5.154,5.791,9.058,10.085
138,0.1466,7.2858,0.11172,5.167,5.805,9.077,10.106
139,0.1461,7.3023,0.11165,5.18,5.819,9.097,10.127
140,0.1456,7.3187,0.11158,5.193,5.833,9.116,10.148
141,0.1451,7.335,0.1115,5.206,5.847,9.135,10.168
142,0.1446,7.3512,0.11143,5.219,5.861,9.154,10.189
143,0.1441,7.3673,0.11137,5.231,5.875,9.173,10.21
144,0.1436,7.3833,0.1113,5.244,5.888,9.192,10.23
145,0.1431,7.3992,0.11123,5.256,5.902,9.211,10.251
146,0.1426,7.415,0.11117,5.269,5.915,9.229,10.271
147,0.1421,7.4307,0.11111,5.281,5.929,9.248,10.291
148,0.1416,7.4463,0.11104,5.294,5.942,9.266,10.311
149,0.1411,7.4618,0.11098,5.306,5.955,9.285,10.331
150,0.1406,7.4772,0.11092,5.318,5.968,9.303,10.351
151,0.1401,7.4925,0.11087,5.33,5.981,9.321,10.371
152,0.1396,7.5077,0.11081,5.342,5.994,9.339,10.39
153,0.1391,7.5228,0.11075,5.354,6.007,9.357,10.41
154,0.1387,7.5379,0.1107,5.365,6.02,9.375,10.429
155,0.1382,7.5528,0.11065,5.377,6.033,9.392,10.449
156,0.1377,7.5677,0.11059,5.389,6.045,9.41,10.468
157,0.1372,7.5824,0.11054,5.4,6.058,9.427,10.487
158,0.1368,7.5971,0.11049,5.412,6.07,9.445,10.506
159,0.1363,7.6117,0.11044,5.423,6.082,9.462,10.525
160,0.1358,7.6262,0.1104,5.434,6.095,9.48,10.544
161,0.1354,7.6406,0.11035,5.445,6.107,9.497,10.563
162,0.1349,7.655,0.11031,5.457,6.119,9.514,10.582
163,0.1344,7.6692,0.11026,5.468,6.131,9.531,10.6
164,0.134,7.6834,0.11022,5.479,6.143,9.548,10.619
165,0.1335,7.6975,0.11018,5.49,6.155,9.565,10.637
166,0.1331,7.7115,0.11013,5.5,6.167,9.581,10.655
167,0.1326,7.7255,0.11009,5.511,6.178,9.598,10.674
168,0.1322,7.7394,0.11005,5.522,6.19,9.615,10.692
169,0.1317,7.7532,0.11002,5.533,6.202,9.631,10.71
170,0.1313,7.7669,0.10998,5.543,6.213,9.648,10.728
171,0.1308,7.7805,0.10994,5.554,6.225,9.664,10.746
172,0.1304,7.7941,0.10991,5.564,6.236,9.68,10.764
173,0.1299,7.8076,0.10987,5.575,6.247,9.696,10.782
174,0.1295,7.821,0.10984,5.585,6.259,9.713,10.799
175,0.129,7.8344,0.1098,5.595,6.27,9.729,10.817
176,0.1286,7.8477,0.10977,5.605,6.281,9.745,10.835
177,0.1282,7.8609,0.10974,5.616,6.292,9.761,10.852
178,0.1277,7.8741,0.10971,5.626,6.303,9.776,10.87
179,0.1273,7.8871,0.10968,5.636,6.314,9.792,10.887
180,0.1269,7.9002,0.10965,5.646,6.325,9.808,10.904
181,0.1264,7.9131,0.10962,5.656,6.336,9.823,10.921
182,0.126,7.926,0.10959,5.665,6.346,9.839,10.939
183,0.1256,7.9389,0.10957,5.675,6.357,9.855,10.956
184,0.1251,7.9516,0.10954,5.685,6.368,9.87,10.973
185,0.1247,7.9643,0.10951,5.695,6.378,9.885,10.99
186,0.1243,7.977,0.10949,5.704,6.389,9.901,11.007
187,0.1239,7.9895,0.10946,5.714,6.399,9.916,11.023
188,0.1235,8.0021,0.10944,5.723,6.41,9.931,11.04
189,0.123,8.0145,0.10942,5.733,6.42,9.946,11.057
190,0.1226,8.0269,0.1094,5.742,6.43,9.961,11.074
191,0.1222,8.0392,0.10937,5.751,6.441,9.976,11.09
192,0.1218,8.0515,0.10935,5.761,6.451,9.991,11.106
193,0.1214,8.0637,0.10933,5.77,6.461,10.006,11.123
194,0.121,8.0759,0.10931,5.779,6.471,10.021,11.139
195,0.1206,8.0879,0.10929,5.788,6.481,10.035,11.155
196,0.1201,8.1,0.10927,5.797,6.491,10.05,11.172
197,0.1197,8.112,0.10925,5.807,6.501,10.065,11.188
198,0.1193,8.1239,0.10924,5.815,6.511,10.079,11.204
199,0.1189,8.1357,0.10922,5.824,6.52,10.094,11.22
200,0.1185,8.1475,0.1092,5.833,6.53,10.108,11.236
201,0.1181,8.1593,0.10919,5.842,6.54,10.123,11.252
202,0.1177,8.171,0.10917,5.851,6.55,10.137,11.268
203,0.1173,8.1826,0.10915,5.86,6.559,10.151,11.283
204,0.1169,8.1942,0.10914,5.868,6.569,10.165,11.299
205,0.1165,8.2058,0.10913,5.877,6.578,10.179,11.315
206,0.1161,8.2173,0.10911,5.886,6.588,10.193,11.331
207,0.1157,8.2287,0.1091,5.894,6.597,10.207,11.346
208,0.1153,8.2401,0.10908,5.903,6.607,10.221,11.361
209,0.1149,8.2514,0.10907,5.911,6.616,10.235,11.377
210,0.1145,8.2627,0.10906,5.92,6.625,10.249,11.392
211,0.1142,8.2739,0.10905,5.928,6.634,10.263,11.408
212,0.1138,8.2851,0.10903,5.937,6.644,10.276,11.423
213,0.1134,8.2963,0.10902,5.945,6.653,10.29,11.438
214,0.113,8.3074,0.10901,5.953,6.662,10.304,11.453
215,0.1126,8.3184,0.109,5.961,6.671,10.317,11.468
216,0.1122,8.3294,0.10899,5.97,6.68,10.331,11.483
217,0.1118,8.3404,0.10898,5.978,6.689,10.345,11.499
218,0.1115,8.3513,0.10897,5.986,6.698,10.358,11.513
219,0.1111,8.3621,0.10896,5.994,6.707,10.371,11.528
220,0.1107,8.3729,0.10895,6.002,6.716,10.384,11.543
221,0.1103,8.3837,0.10894,6.01,6.724,10.398,11.558
222,0.1099,8.3944,0.10894,6.018,6.733,10.411,11.573
223,0.1096,8.4051,0.10893,6.026,6.742,10.424,11.587
224,0.1092,8.4157,0.10892,6.034,6.751,10.437,11.602
225,0.1088,8.4263,0.10891,6.042,6.759,10.45,11.616
226,0.1084,8.4369,0.10891,6.049,6.768,10.464,11.631
227,0.1081,8.4474,0.1089,6.057,6.776,10.476,11.646
228,0.1077,8.4578,0.10889,6.065,6.785,10.489,11.66
229,0.1073,8.4683,0.10889,6.073,6.793,10.502,11.674
230,0.107,8.4787,0.10888,6.08,6.802,10.515,11.689
231,0.1066,8.489,0.10887,6.088,6.81,10.528,11.703
232,0.1062,8.4993,0.10887,6.096,6.819,10.541,11.717
233,0.1059,8.5096,0.10886,6.103,6.827,10.553,11.731
234,0.1055,8.5198,0.10886,6.111,6.836,10.566,11.746
235,0.1051,8.53,0.10885,6.118,6.844,10.579,11.759
236,0.1048,8.5401,0.10885,6.126,6.852,10.591,11.774
237,0.1044,8.5502,0.10884,6.133,6.86,10.604,11.787
238,0.104,8.5603,0.10884,6.141,6.869,10.616,11.802
239,0.1037,8.5704,0.10884,6.148,6.877,10.629,11.816
240,0.1033,8.5804,0.10883,6.156,6.885,10.641,11.829
241,0.103,8.5903,0.10883,6.163,6.893,10.654,11.843
242,0.1026,8.6003,0.10882,6.17,6.901,10.666,11.857
243,0.1023,8.6102,0.10882,6.177,6.909,10.678,11.871
244,0.1019,8.62,0.10882,6.185,6.917,10.69,11.884
245,0.1015,8.6299,0.10882,6.192,6.925,10.703,11.898
246,0.1012,8.6397,0.10881,6.199,6.933,10.715,11.912
247,0.1008,8.6494,0.10881,6.206,6.941,10.727,11.925
248,0.1005,8.6592,0.10881,6.213,6.949,10.739,11.939
249,0.1001,8.6689,0.10881,6.221,6.957,10.751,11.953
250,0.0998,8.6785,0.10881,6.228,6.965,10.763,11.966
251,0.0994,8.6882,0.1088,6.235,6.973,10.775,11.979
252,0.0991,8.6978,0.1088,6.242,6.98,10.787,11.993
253,0.0987,8.7073,0.1088,6.249,6.988,10.799,12.006
254,0.0984,8.7169,0.1088,6.256,6.996,10.811,12.02
255,0.0981,8.7264,0.1088,6.263,7.003,10.823,12.033
256,0.0977,8.7359,0.1088,6.27,7.011,10.835,12.046
257,0.0974,8.7453,0.1088,6.277,7.019,10.847,12.059
258,0.097,8.7548,0.1088,6.283,7.026,10.858,12.073
259,0.0967,8.7642,0.1088,6.29,7.034,10.87,12.086
260,0.0963,8.7735,0.1088,6.297,7.042,10.882,12.099
261,0.096,8.7829,0.1088,6.304,7.049,10.893,12.112
262,0.0957,8.7922,0.1088,6.311,7.057,10.905,12.125
263,0.0953,8.8015,0.1088,6.318,7.064,10.917,12.138
264,0.095,8.8107,0.1088,6.324,7.072,10.928,12.151
265,0.0947,8.82,0.1088,6.331,7.079,10.94,12.164
266,0.0943,8.8292,0.1088,6.338,7.087,10.951,12.177
267,0.094,8.8384,0.1088,6.345,7.094,10.963,12.19
268,0.0937,8.8475,0.1088,6.351,7.101,10.974,12.203
269,0.0933,8.8567,0.1088,6.358,7.109,10.986,12.215
270,0.093,8.8658,0.1088,6.365,7.116,10.997,12.228
271,0.0927,8.8748,0.1088,6.371,7.123,11.008,12.241
272,0.0923,8.8839,0.10881,6.378,7.131,11.02,12.254
273,0.092,8.8929,0.10881,6.384,7.138,11.031,12.267
274,0.0917,8.9019,0.10881,6.391,7.145,11.042,12.279
275,0.0913,8.9109,0.10881,6.397,7.153,11.054,12.292
276,0.091,8.9199,0.10881,6.404,7.16,11.065,12.304
277,0.0907,8.9288,0.10882,6.41,7.167,11.076,12.317
278,0.0904,8.9377,0.10882,6.417,7.174,11.087,12.33
279,0.09,8.9466,0.10882,6.423,7.181,11.098,12.342
280,0.0897,8.9555,0.10882,6.43,7.188,11.11,12.355
281,0.0894,8.9643,0.10882,6.436,7.196,11.121,12.367
282,0.0891,8.9731,0.10883,6.442,7.203,11.132,12.38
283,0.0887,8.9819,0.10883,6.449,7.21,11.143,12.392
284,0.0884,8.9907,0.10883,6.455,7.217,11.154,12.404
285,0.0881,8.9995,0.10884,6.461,7.224,11.165,12.417
286,0.0878,9.0082,0.10884,6.468,7.231,11.176,12.429
287,0.0875,9.0169,0.10884,6.474,7.238,11.187,12.442
288,0.0871,9.0256,0.10884,6.481,7.245,11.198,12.454
289,0.0868,9.0342,0.10885,6.487,7.252,11.209,12.466
290,0.0865,9.0429,0.10885,6.493,7.259,11.22,12.478
291,0.0862,9.0515,0.10885,6.499,7.266,11.23,12.491
292,0.0859,9.0601,0.10886,6.505,7.272,11.241,12.503
293,0.0856,9.0687,0.10886,6.512,7.279,11.252,12.515
294,0.0852,9.0772,0.10887,6.518,7.286,11.263,12.527
295,0.0849,9.0858,0.10887,6.524,7.293,11.274,12.539
296,0.0846,9.0943,0.10887,6.53,7.3,11.284,12.551
297,0.0843,9.1028,0.10888,6.536,7.307,11.295,12.564
298,0.084,9.1113,0.10888,6.542,7.314,11.306,12.576
299,0.0837,9.1198,0.10888,6.549,7.321,11.316,12.587
300,0.0834,9.1282,0.10889,6.555,7.327,11.327,12.6
301,0.0831,9.1366,0.10889,6.561,7.334,11.338,12.611
302,0.0827,9.145,0.1089,6.567,7.341,11.348,12.624
303,0.0824,9.1534,0.1089,6.573,7.347,11.359,12.635
304,0.0821,9.1618,0.1089,6.579,7.354,11.369,12.647
305,0.0818,9.1701,0.10891,6.585,7.361,11.38,12.659
306,0.0815,9.1785,0.10891,6.591,7.368,11.39,12.671
307,0.0812,9.1868,0.10892,6.597,7.374,11.401,12.683
308,0.0809,9.1951,0.10892,6.603,7.381,11.411,12.695
309,0.0806,9.2034,0.10893,6.609,7.387,11.422,12.707
310,0.0803,9.2117,0.10893,6.615,7.394,11.432,12.718
311,0.08,9.2199,0.10894,6.621,7.401,11.443,12.73
312,0.0797,9.2282,0.10894,6.627,7.407,11.453,12.742
313,0.0794,9.2364,0.10894,6.633,7.414,11.464,12.753
314,0.0791,9.2446,0.10895,6.639,7.42,11.474,12.765
315,0.0788,9.2528,0.10895,6.645,7.427,11.484,12.777
316,0.0785,9.261,0.10896,6.65,7.434,11.495,12.789
317,0.0782,9.2691,0.10896,6.656,7.44,11.505,12.8
318,0.0779,9.2773,0.10897,6.662,7.447,11.515,12.812
319,0.0776,9.2854,0.10897,6.668,7.453,11.525,12.823
320,0.0773,9.2935,0.10898,6.674,7.46,11.536,12.835
321,0.077,9.3016,0.10898,6.68,7.466,11.546,12.847
322,0.0767,9.3097,0.10899,6.685,7.473,11.556,12.858
323,0.0764,9.3178,0.10899,6.691,7.479,11.566,12.87
324,0.0761,9.3258,0.109,6.697,7.485,11.577,12.881
325,0.0758,9.3339,0.10901,6.703,7.492,11.587,12.893
326,0.0755,9.3419,0.10901,6.708,7.498,11.597,12.904
327,0.0752,9.3499,0.10902,6.714,7.505,11.607,12.916
328,0.0749,9.3579,0.10902,6.72,7.511,11.617,12.927
329,0.0746,9.3659,0.10903,6.726,7.517,11.628,12.939
330,0.0744,9.3739,0.10903,6.731,7.524,11.638,12.95
331,0.0741,9.3819,0.10904,6.737,7.53,11.648,12.962
332,0.0738,9.3898,0.10904,6.743,7.537,11.658,12.973
333,0.0735,9.3978,0.10905,6.749,7.543,11.668,12.984
334,0.0732,9.4057,0.10905,6.754,7.549,11.678,12.996
335,0.0729,9.4136,0.10906,6.76,7.556,11.688,13.007
336,0.0726,9.4215,0.10907,6.765,7.562,11.698,13.019
337,0.0723,9.4294,0.10907,6.771,7.568,11.708,13.03
338,0.072,9.4373,0.10908,6.777,7.574,11.718,13.041
339,0.0718,9.4452,0.10908,6.783,7.581,11.728,13.052
340,0.0715,9.453,0.10909,6.788,7.587,11.738,13.064
341,0.0712,9.4609,0.1091,6.794,7.593,11.748,13.075
342,0.0709,9.4687,0.1091,6.799,7.6,11.758,13.086
343,0.0706,9.4765,0.10911,6.805,7.606,11.768,13.097
344,0.0703,9.4844,0.10911,6.811,7.612,11.778,13.109
345,0.0701,9.4922,0.10912,6.816,7.618,11.788,13.12
346,0.0698,9.4999,0.10913,6.822,7.624,11.798,13.131
347,0.0695,9.5077,0.10913,6.827,7.631,11.807,13.142
348,0.0692,9.5155,0.10914,6.833,7.637,11.817,13.154
349,0.0689,9.5232,0.10915,6.838,7.643,11.827,13.165
350,0.0686,9.531,0.10915,6.844,7.649,11.837,13.176
351,0.0684,9.5387,0.10916,6.849,7.655,11.847,13.187
352,0.0681,9.5464,0.10916,6.855,7.661,11.857,13.198
353,0.0678,9.5542,0.10917,6.86,7.668,11.867,13.209
354,0.0675,9.5619,0.10918,6.866,7.674,11.876,13.22
355,0.0672,9.5696,0.10918,6.872,7.68,11.886,13.231
356,0.067,9.5772,0.10919,6.877,7.686,11.896,13.242
357,0.0667,9.5849,0.1092,6.882,7.692,11.906,13.253
358,0.0664,9.5926,0.1092,6.888,7.698,11.915,13.264
359,0.0661,9.6002,0.10921,6.893,7.704,11.925,13.275
360,0.0659,9.6079,0.10922,6.899,7.71,11.935,13.287
361,0.0656,9.6155,0.10922,6.904,7.716,11.944,13.297
362,0.0653,9.6231,0.10923,6.91,7.722,11.954,13.308
363,0.065,9.6308,0.10924,6.915,7.729,11.964,13.32
364,0.0648,9.6384,0.10925,6.92,7.735,11.974,13.331
365,0.0645,9.646,0.10925,6.926,7.741,11.983,13.341
366,0.0642,9.6535,0.10926,6.931,7.747,11.993,13.352
367,0.064,9.6611,0.10927,6.937,7.753,12.003,13.363
368,0.0637,9.6687,0.10927,6.942,7.759,12.012,13.374
369,0.0634,9.6763,0.10928,6.948,7.765,12.022,13.385
370,0.0631,9.6838,0.10929,6.953,7.771,12.032,13.396
371,0.0629,9.6914,0.1093,6.958,7.777,12.041,13.407
372,0.0626,9.6989,0.1093,6.964,7.783,12.051,13.418
373,0.0623,9.7064,0.10931,6.969,7.789,12.06,13.429
374,0.0621,9.7139,0.10932,6.974,7.795,12.07,13.44
375,0.0618,9.7214,0.10933,6.979,7.8,12.08,13.451
376,0.0615,9.7289,0.10933,6.985,7.807,12.089,13.461
377,0.0613,9.7364,0.10934,6.99,7.812,12.099,13.472
378,0.061,9.7439,0.10935,6.995,7.818,12.108,13.483
379,0.0607,9.7514,0.10936,7.001,7.824,12.118,13.494
380,0.0605,9.7588,0.10936,7.006,7.83,12.127,13.505
381,0.0602,9.7663,0.10937,7.011,7.836,12.137,13.516
382,0.0599,9.7738,0.10938,7.017,7.842,12.147,13.527
383,0.0597,9.7812,0.10939,7.022,7.848,12.156,13.537
384,0.0594,9.7886,0.10939,7.027,7.854,12.165,13.548
385,0.0591,9.796,0.1094,7.033,7.86,12.175,13.559
386,0.0589,9.8035,0.10941,7.038,7.866,12.184,13.57
387,0.0586,9.8109,0.10942,7.043,7.871,12.194,13.581
388,0.0583,9.8183,0.10943,7.048,7.877,12.204,13.591
389,0.0581,9.8257,0.10943,7.054,7.883,12.213,13.602
390,0.0578,9.833,0.10944,7.059,7.889,12.222,13.612
391,0.0576,9.8404,0.10945,7.064,7.895,12.232,13.623
392,0.0573,9.8478,0.10946,7.069,7.901,12.241,13.634
393,0.057,9.8551,0.10947,7.074,7.906,12.251,13.645
394,0.0568,9.8625,0.10948,7.079,7.912,12.26,13.656
395,0.0565,9.8699,0.10948,7.085,7.918,12.269,13.666
396,0.0563,9.8772,0.10949,7.09,7.924,12.279,13.677
397,0.056,9.8845,0.1095,7.095,7.93,12.288,13.687
398,0.0557,9.8918,0.10951,7.1,7.935,12.298,13.698
399,0.0555,9.8992,0.10952,7.105,7.941,12.307,13.709
400,0.0552,9.9065,0.10953,7.111,7.947,12.316,13.72
401,0.055,9.9138,0.10954,7.116,7.953,12.326,13.73
402,0.0547,9.9211,0.10954,7.121,7.959,12.335,13.741
403,0.0545,9.9284,0.10955,7.126,7.964,12.344,13.751
404,0.0542,9.9357,0.10956,7.131,7.97,12.354,13.762
405,0.054,9.9429,0.10957,7.136,7.976,12.363,13.773
406,0.0537,9.9502,0.10958,7.141,7.982,12.372,13.783
407,0.0534,9.9575,0.10959,7.147,7.987,12.382,13.794
408,0.0532,9.9647,0.1096,7.152,7.993,12.391,13.805
409,0.0529,9.972,0.10961,7.157,7.999,12.401,13.815
410,0.0527,9.9792,0.10961,7.162,8.005,12.41,13.826
411,0.0524,9.9865,0.10962,7.167,8.01,12.419,13.836
412,0.0522,9.9937,0.10963,7.172,8.016,12.428,13.847
413,0.0519,10.0009,0.10964,7.177,8.022,12.438,13.857
414,0.0517,10.0082,0.10965,7.182,8.027,12.447,13.868
415,0.0514,10.0154,0.10966,7.187,8.033,12.456,13.879
416,0.0512,10.0226,0.10967,7.192,8.039,12.465,13.889
417,0.0509,10.0298,0.10968,7.198,8.044,12.475,13.9
418,0.0507,10.037,0.10969,7.203,8.05,12.484,13.91
419,0.0504,10.0442,0.1097,7.208,8.056,12.493,13.921
420,0.0502,10.0514,0.10971,7.213,8.061,12.503,13.932
421,0.0499,10.0586,0.10971,7.218,8.067,12.512,13.942
422,0.0497,10.0657,0.10972,7.223,8.073,12.521,13.952
423,0.0494,10.0729,0.10973,7.228,8.078,12.53,13.963
424,0.0492,10.0801,0.10974,7.233,8.084,12.539,13.973
425,0.0489,10.0872,0.10975,7.238,8.09,12.548,13.984
426,0.0487,10.0944,0.10976,7.243,8.095,12.558,13.994
427,0.0484,10.1015,0.10977,7.248,8.101,12.567,14.005
428,0.0482,10.1087,0.10978,7.253,8.107,12.576,14.015
429,0.0479,10.1158,0.10979,7.258,8.112,12.585,14.026
430,0.0477,10.123,0.1098,7.263,8.118,12.595,14.036
431,0.0475,10.1301,0.10981,7.268,8.123,12.604,14.047
432,0.0472,10.1372,0.10982,7.273,8.129,12.613,14.057
433,0.047,10.1443,0.10983,7.278,8.134,12.622,14.068
434,0.0467,10.1515,0.10984,7.283,8.14,12.631,14.078
435,0.0465,10.1586,0.10985,7.288,8.146,12.641,14.089
436,0.0462,10.1657,0.10986,7.293,8.151,12.65,14.099
437,0.046,10.1728,0.10987,7.298,8.157,12.659,14.11
438,0.0458,10.1799,0.10988,7.303,8.162,12.668,14.12
439,0.0455,10.187,0.10989,7.308,8.168,12.677,14.13
440,0.0453,10.1941,0.1099,7.313,8.174,12.686,14.141
441,0.045,10.2011,0.10991,7.318,8.179,12.695,14.151
442,0.0448,10.2082,0.10992,7.323,8.185,12.704,14.162
443,0.0445,10.2153,0.10993,7.328,8.19,12.714,14.172
444,0.0443,10.2224,0.10994,7.333,8.196,12.723,14.183
445,0.0441,10.2294,0.10995,7.337,8.201,12.732,14.193
446,0.0438,10.2365,0.10996,7.342,8.207,12.741,14.203
447,0.0436,10.2435,0.10997,7.347,8.212,12.75,14.214
448,0.0433,10.2506,0.10998,7.352,8.218,12.759,14.224
449,0.0431,10.2576,0.10999,7.357,8.223,12.768,14.234
450,0.0429,10.2647,0.11,7.362,8.229,12.777,14.245
451,0.0426,10.2717,0.11001,7.367,8.235,12.786,14.255
452,0.0424,10.2788,0.11002,7.372,8.24,12.796,14.266
453,0.0422,10.2858,0.11003,7.377,8.246,12.805,14.276
454,0.0419,10.2928,0.11005,7.382,8.251,12.814,14.287
455,0.0417,10.2998,0.11006,7.386,8.256,12.823,14.297
456,0.0414,10.3069,0.11007,7.391,8.262,12.832,14.308
457,0.0412,10.3139,0.11008,7.396,8.267,12.841,14.318
458,0.041,10.3209,0.11009,7.401,8.273,12.85,14.328
459,0.0407,10.3279,0.1101,7.406,8.278,12.859,14.339
460,0.0405,10.3349,0.11011,7.411,8.284,12.868,14.349
461,0.0403,10.3419,0.11012,7.416,8.289,12.877,14.359
462,0.04,10.3489,0.11013,7.421,8.295,12.886,14.369
463,0.0398,10.3559,0.11014,7.426,8.3,12.895,14.38
464,0.0396,10.3629,0.11015,7.431,8.306,12.905,14.39
465,0.0393,10.3699,0.11016,7.435,8.311,12.914,14.4
466,0.0391,10.3769,0.11017,7.44,8.317,12.923,14.411
467,0.0389,10.3839,0.11019,7.445,8.322,12.932,14.421
468,0.0386,10.3908,0.1102,7.45,8.328,12.941,14.432
469,0.0384,10.3978,0.11021,7.455,8.333,12.95,14.442
470,0.0382,10.4048,0.11022,7.46,8.339,12.959,14.452
471,0.0379,10.4118,0.11023,7.465,8.344,12.968,14.463
472,0.0377,10.4187,0.11024,7.469,8.349,12.977,14.473
473,0.0375,10.4257,0.11025,7.474,8.355,12.986,14.483
474,0.0373,10.4326,0.11026,7.479,8.36,12.995,14.493
475,0.037,10.4396,0.11027,7.484,8.366,13.004,14.504
476,0.0368,10.4465,0.11029,7.488,8.371,13.013,14.514
477,0.0366,10.4535,0.1103,7.493,8.377,13.022,14.525
478,0.0363,10.4604,0.11031,7.498,8.382,13.031,14.535
479,0.0361,10.4674,0.11032,7.503,8.387,13.04,14.545
480,0.0359,10.4743,0.11033,7.508,8.393,13.049,14.555
481,0.0357,10.4813,0.11034,7.513,8.398,13.058,14.566
482,0.0354,10.4882,0.11035,7.518,8.404,13.067,14.576
483,0.0352,10.4951,0.11037,7.522,8.409,13.076,14.587
484,0.035,10.502,0.11038,7.527,8.414,13.085,14.597
485,0.0347,10.509,0.11039,7.532,8.42,13.094,14.607
486,0.0345,10.5159,0.1104,7.537,8.425,13.103,14.617
487,0.0343,10.5228,0.11041,7.541,8.431,13.112,14.628
488,0.0341,10.5297,0.11042,7.546,8.436,13.121,14.638
489,0.0338,10.5366,0.11044,7.551,8.441,13.13,14.648
490,0.0336,10.5435,0.11045,7.556,8.447,13.139,14.659
491,0.0334,10.5505,0.11046,7.561,8.452,13.148,14.669
492,0.0332,10.5574,0.11047,7.565,8.458,13.157,14.679
493,0.0329,10.5643,0.11048,7.57,8.463,13.166,14.689
494,0.0327,10.5712,0.1105,7.575,8.468,13.175,14.7
495,0.0325,10.578,0.11051,7.58,8.474,13.184,14.71
496,0.0323,10.5849,0.11052,7.584,8.479,13.193,14.72
497,0.032,10.5918,0.11053,7.589,8.484,13.202,14.731
498,0.0318,10.5987,0.11054,7.594,8.49,13.211,14.741
499,0.0316,10.6056,0.11056,7.599,8.495,13.22,14.751
500,0.0314,10.6125,0.11057,7.603,8.5,13.229,14.762
501,0.0312,10.6193,0.11058,7.608,8.506,13.238,14.772
502,0.0309,10.6262,0.11059,7.613,8.511,13.247,14.782
503,0.0307,10.6331,0.1106,7.618,8.517,13.256,14.792
504,0.0305,10.6399,0.11062,7.622,8.522,13.265,14.803
505,0.0303,10.6468,0.11063,7.627,8.527,13.274,14.813
506,0.03,10.6537,0.11064,7.632,8.533,13.283,14.823
507,0.0298,10.6605,0.11065,7.637,8.538,13.291,14.833
508,0.0296,10.6674,0.11067,7.641,8.543,13.301,14.844
509,0.0294,10.6742,0.11068,7.646,8.548,13.309,14.854
510,0.0292,10.6811,0.11069,7.651,8.554,13.318,14.864
511,0.0289,10.6879,0.1107,7.655,8.559,13.327,14.874
512,0.0287,10.6948,0.11072,7.66,8.564,13.336,14.885
513,0.0285,10.7016,0.11073,7.665,8.57,13.345,14.895
514,0.0283,10.7084,0.11074,7.669,8.575,13.354,14.905
515,0.0281,10.7153,0.11075,7.674,8.58,13.363,14.915
516,0.0279,10.7221,0.11077,7.679,8.586,13.372,14.926
517,0.0276,10.7289,0.11078,7.683,8.591,13.381,14.936
518,0.0274,10.7357,0.11079,7.688,8.596,13.39,14.946
519,0.0272,10.7426,0.11081,7.693,8.601,13.399,14.957
520,0.027,10.7494,0.11082,7.697,8.607,13.408,14.967
521,0.0268,10.7562,0.11083,7.702,8.612,13.417,14.977
522,0.0266,10.763,0.11084,7.707,8.617,13.425,14.987
523,0.0263,10.7698,0.11086,7.711,8.623,13.434,14.997
524,0.0261,10.7766,0.11087,7.716,8.628,13.443,15.008
525,0.0259,10.7835,0.11088,7.721,8.633,13.452,15.018
526,0.0257,10.7903,0.1109,7.725,8.638,13.461,15.028
527,0.0255,10.7971,0.11091,7.73,8.644,13.47,15.038
528,0.0253,10.8039,0.11092,7.735,8.649,13.479,15.048
529,0.025,10.8107,0.11094,7.739,8.654,13.488,15.059
530,0.0248,10.8174,0.11095,7.744,8.659,13.497,15.069
531,0.0246,10.8242,0.11096,7.749,8.665,13.506,15.079
532,0.0244,10.831,0.11098,7.753,8.67,13.515,15.09
533,0.0242,10.8378,0.11099,7.758,8.675,13.523,15.1
534,0.024,10.8446,0.111,7.763,8.68,13.532,15.11
535,0.0238,10.8514,0.11102,7.767,8.686,13.541,15.12
536,0.0236,10.8582,0.11103,7.772,8.691,13.55,15.13
537,0.0233,10.8649,0.11104,7.777,8.696,13.559,15.14
538,0.0231,10.8717,0.11106,7.781,8.701,13.568,15.151
539,0.0229,10.8785,0.11107,7.786,8.707,13.577,15.161
540,0.0227,10.8852,0.11108,7.79,8.712,13.586,15.171
541,0.0225,10.892,0.1111,7.795,8.717,13.595,15.182
542,0.0223,10.8988,0.11111,7.8,8.722,13.603,15.192
543,0.0221,10.9055,0.11113,7.804,8.727,13.612,15.202
544,0.0219,10.9123,0.11114,7.809,8.733,13.621,15.212
545,0.0217,10.9191,0.11115,7.813,8.738,13.63,15.222
546,0.0214,10.9258,0.11117,7.818,8.743,13.639,15.233
547,0.0212,10.9326,0.11118,7.823,8.748,13.648,15.243
548,0.021,10.9393,0.1112,7.827,8.753,13.657,15.253
549,0.0208,10.9461,0.11121,7.832,8.759,13.666,15.263
550,0.0206,10.9528,0.11122,7.836,8.764,13.674,15.273
551,0.0204,10.9596,0.11124,7.841,8.769,13.684,15.284
552,0.0202,10.9663,0.11125,7.846,8.774,13.692,15.294
553,0.02,10.973,0.11127,7.85,8.779,13.701,15.304
554,0.0198,10.9798,0.11128,7.855,8.785,13.71,15.314
555,0.0196,10.9865,0.11129,7.859,8.79,13.719,15.324
556,0.0194,10.9932,0.11131,7.864,8.795,13.728,15.335
557,0.0192,11,0.11132,7.868,8.8,13.737,15.345
558,0.0189,11.0067,0.11134,7.873,8.805,13.746,15.356
559,0.0187,11.0134,0.11135,7.878,8.811,13.754,15.365
560,0.0185,11.0202,0.11137,7.882,8.816,13.763,15.376
561,0.0183,11.0269,0.11138,7.887,8.821,13.772,15.386
562,0.0181,11.0336,0.11139,7.891,8.826,13.781,15.396
563,0.0179,11.0403,0.11141,7.896,8.831,13.79,15.406
564,0.0177,11.047,0.11142,7.9,8.836,13.799,15.416
565,0.0175,11.0537,0.11144,7.905,8.841,13.807,15.427
566,0.0173,11.0605,0.11145,7.909,8.847,13.816,15.437
567,0.0171,11.0672,0.11147,7.914,8.852,13.825,15.447
568,0.0169,11.0739,0.11148,7.919,8.857,13.834,15.457
569,0.0167,11.0806,0.1115,7.923,8.862,13.843,15.468
570,0.0165,11.0873,0.11151,7.928,8.867,13.852,15.478
571,0.0163,11.094,0.11153,7.932,8.872,13.861,15.488
572,0.0161,11.1007,0.11154,7.937,8.878,13.869,15.498
573,0.0159,11.1074,0.11156,7.941,8.883,13.878,15.509
574,0.0157,11.1141,0.11157,7.946,8.888,13.887,15.519
575,0.0155,11.1208,0.11159,7.95,8.893,13.896,15.529
576,0.0153,11.1275,0.1116,7.955,8.898,13.905,15.539
577,0.0151,11.1342,0.11162,7.959,8.903,13.914,15.55
578,0.0149,11.1409,0.11163,7.964,8.908,13.923,15.56
579,0.0147,11.1476,0.11165,7.968,8.913,13.932,15.57
580,0.0144,11.1543,0.11166,7.973,8.919,13.94,15.58
581,0.0142,11.161,0.11168,7.977,8.924,13.949,15.591
582,0.014,11.1676,0.11169,7.982,8.929,13.958,15.601
583,0.0138,11.1743,0.11171,7.986,8.934,13.967,15.611
584,0.0136,11.181,0.11172,7.991,8.939,13.976,15.621
585,0.0134,11.1877,0.11174,7.995,8.944,13.985,15.631
586,0.0132,11.1944,0.11175,8,8.949,13.993,15.641
587,0.013,11.2011,0.11177,8.004,8.954,14.002,15.652
588,0.0128,11.2077,0.11178,8.009,8.96,14.011,15.662
589,0.0126,11.2144,0.1118,8.013,8.965,14.02,15.672
590,0.0124,11.2211,0.11182,8.018,8.97,14.029,15.683
591,0.0122,11.2278,0.11183,8.022,8.975,14.038,15.693
592,0.012,11.2345,0.11185,8.027,8.98,14.047,15.703
593,0.0118,11.2411,0.11186,8.031,8.985,14.055,15.713
594,0.0116,11.2478,0.11188,8.036,8.99,14.064,15.724
595,0.0114,11.2545,0.11189,8.04,8.995,14.073,15.734
596,0.0112,11.2612,0.11191,8.045,9,14.082,15.744
597,0.0111,11.2678,0.11192,8.049,9.005,14.091,15.754
598,0.0109,11.2745,0.11194,8.054,9.01,14.1,15.764
599,0.0107,11.2812,0.11196,8.058,9.016,14.109,15.775
600,0.0105,11.2878,0.11197,8.062,9.021,14.117,15.785
601,0.0103,11.2945,0.11199,8.067,9.026,14.126,15.795
602,0.0101,11.3012,0.112,8.071,9.031,14.135,15.805
603,0.0099,11.3078,0.11202,8.076,9.036,14.144,15.816
604,0.0097,11.3145,0.11204,8.08,9.041,14.153,15.826
605,0.0095,11.3212,0.11205,8.085,9.046,14.162,15.836
606,0.0093,11.3278,0.11207,8.089,9.051,14.171,15.846
607,0.0091,11.3345,0.11208,8.094,9.056,14.179,15.856
608,0.0089,11.3412,0.1121,8.098,9.061,14.188,15.867
609,0.0087,11.3478,0.11212,8.102,9.066,14.197,15.877
610,0.0085,11.3545,0.11213,8.107,9.072,14.206,15.887
611,0.0083,11.3612,0.11215,8.112,9.077,14.215,15.898
612,0.0081,11.3678,0.11216,8.116,9.082,14.224,15.908
613,0.0079,11.3745,0.11218,8.12,9.087,14.233,15.918
614,0.0077,11.3811,0.1122,8.125,9.092,14.242,15.929
615,0.0075,11.3878,0.11221,8.129,9.097,14.25,15.939
616,0.0073,11.3945,0.11223,8.134,9.102,14.259,15.949
617,0.0071,11.4011,0.11224,8.138,9.107,14.268,15.959
618,0.0069,11.4078,0.11226,8.143,9.112,14.277,15.97
619,0.0067,11.4144,0.11228,8.147,9.117,14.286,15.98
620,0.0066,11.4211,0.11229,8.152,9.122,14.295,15.99
621,0.0064,11.4277,0.11231,8.156,9.127,14.303,16
622,0.0062,11.4344,0.11233,8.16,9.132,14.312,16.011
623,0.006,11.441,0.11234,8.165,9.137,14.321,16.021
624,0.0058,11.4477,0.11236,8.169,9.142,14.33,16.031
625,0.0056,11.4543,0.11238,8.174,9.147,14.339,16.042
626,0.0054,11.461,0.11239,8.178,9.153,14.348,16.052
627,0.0052,11.4676,0.11241,8.183,9.158,14.357,16.062
628,0.005,11.4743,0.11243,8.187,9.163,14.366,16.073
629,0.0048,11.4809,0.11244,8.191,9.168,14.374,16.083
630,0.0046,11.4876,0.11246,8.196,9.173,14.383,16.093
631,0.0044,11.4942,0.11248,8.2,9.178,14.392,16.103
632,0.0043,11.5009,0.11249,8.205,9.183,14.401,16.113
633,0.0041,11.5075,0.11251,8.209,9.188,14.41,16.124
634,0.0039,11.5142,0.11253,8.213,9.193,14.419,16.134
635,0.0037,11.5208,0.11254,8.218,9.198,14.428,16.144
636,0.0035,11.5274,0.11256,8.222,9.203,14.436,16.155
637,0.0033,11.5341,0.11258,8.227,9.208,14.446,16.165
638,0.0031,11.5407,0.11259,8.231,9.213,14.454,16.175
639,0.0029,11.5474,0.11261,8.236,9.218,14.463,16.186
640,0.0027,11.554,0.11263,8.24,9.223,14.472,16.196
641,0.0025,11.5606,0.11265,8.244,9.228,14.481,16.206
642,0.0024,11.5673,0.11266,8.249,9.233,14.49,16.216
643,0.0022,11.5739,0.11268,8.253,9.238,14.499,16.227
644,0.002,11.5806,0.1127,8.257,9.243,14.508,16.237
645,0.0018,11.5872,0.11271,8.262,9.248,14.516,16.247
646,0.0016,11.5938,0.11273,8.266,9.253,14.525,16.258
647,0.0014,11.6005,0.11275,8.271,9.258,14.534,16.268
648,0.0012,11.6071,0.11276,8.275,9.263,14.543,16.278
649,0.001,11.6137,0.11278,8.28,9.268,14.552,16.289
650,0.0008,11.6204,0.1128,8.284,9.273,14.561,16.299
651,0.0007,11.627,0.11282,8.288,9.278,14.57,16.31
652,0.0005,11.6336,0.11283,8.293,9.283,14.578,16.319
653,0.0003,11.6403,0.11285,8.297,9.288,14.588,16.33
654,0.0001,11.6469,0.11287,8.301,9.293,14.596,16.34
655,-0.0001,11.6535,0.11289,8.306,9.298,14.605,16.351
656,-0.0003,11.6601,0.1129,8.31,9.303,14.614,16.361
657,-0.0005,11.6668,0.11292,8.315,9.308,14.623,16.371
658,-0.0006,11.6734,0.11294,8.319,9.313,14.632,16.382
659,-0.0008,11.68,0.11296,8.323,9.318,14.641,16.392
660,-0.001,11.6866,0.11297,8.328,9.323,14.65,16.402
661,-0.0012,11.6933,0.11299,8.332,9.328,14.659,16.413
662,-0.0014,11.6999,0.11301,8.336,9.333,14.668,16.423
663,-0.0016,11.7065,0.11303,8.341,9.338,14.676,16.434
664,-0.0018,11.7131,0.11304,8.345,9.343,14.685,16.444
665,-0.0019,11.7198,0.11306,8.35,9.348,14.694,16.454
666,-0.0021,11.7264,0.11308,8.354,9.353,14.703,16.464
667,-0.0023,11.733,0.1131,8.358,9.358,14.712,16.475
668,-0.0025,11.7396,0.11311,8.363,9.363,14.721,16.485
669,-0.0027,11.7462,0.11313,8.367,9.368,14.73,16.495
670,-0.0029,11.7528,0.11315,8.371,9.373,14.739,16.506
671,-0.003,11.7595,0.11317,8.376,9.378,14.748,16.516
672,-0.0032,11.7661,0.11318,8.38,9.383,14.756,16.526
673,-0.0034,11.7727,0.1132,8.384,9.388,14.765,16.537
674,-0.0036,11.7793,0.11322,8.389,9.393,14.774,16.547
675,-0.0038,11.7859,0.11324,8.393,9.398,14.783,16.558
676,-0.004,11.7925,0.11326,8.397,9.403,14.792,16.568
677,-0.0041,11.7991,0.11327,8.402,9.408,14.801,16.578
678,-0.0043,11.8057,0.11329,8.406,9.413,14.81,16.588
679,-0.0045,11.8124,0.11331,8.41,9.418,14.819,16.599
680,-0.0047,11.819,0.11333,8.415,9.423,14.828,16.609
681,-0.0049,11.8256,0.11335,8.419,9.428,14.837,16.62
682,-0.0051,11.8322,0.11336,8.424,9.433,14.845,16.63
683,-0.0052,11.8388,0.11338,8.428,9.438,14.854,16.64
684,-0.0054,11.8454,0.1134,8.432,9.443,14.863,16.651
685,-0.0056,11.852,0.11342,8.436,9.448,14.872,16.661
686,-0.0058,11.8586,0.11344,8.441,9.453,14.881,16.672
687,-0.006,11.8652,0.11345,8.445,9.458,14.89,16.682
688,-0.0061,11.8718,0.11347,8.45,9.463,14.899,16.692
689,-0.0063,11.8784,0.11349,8.454,9.468,14.907,16.702
690,-0.0065,11.885,0.11351,8.458,9.473,14.916,16.713
691,-0.0067,11.8916,0.11353,8.462,9.478,14.925,16.723
692,-0.0069,11.8982,0.11354,8.467,9.483,14.934,16.733
693,-0.007,11.9048,0.11356,8.471,9.488,14.943,16.744
694,-0.0072,11.9114,0.11358,8.475,9.493,14.952,16.754
695,-0.0074,11.918,0.1136,8.48,9.498,14.961,16.765
696,-0.0076,11.9246,0.11362,8.484,9.503,14.97,16.775
697,-0.0078,11.9312,0.11364,8.488,9.507,14.979,16.786
698,-0.0079,11.9378,0.11365,8.493,9.513,14.987,16.796
699,-0.0081,11.9444,0.11367,8.497,9.517,14.996,16.806
700,-0.0083,11.951,0.11369,8.501,9.522,15.005,16.817
701,-0.0085,11.9576,0.11371,8.506,9.527,15.014,16.827
702,-0.0087,11.9642,0.11373,8.51,9.532,15.023,16.838
703,-0.0088,11.9707,0.11375,8.514,9.537,15.032,16.848
704,-0.009,11.9773,0.11376,8.519,9.542,15.041,16.858
705,-0.0092,11.9839,0.11378,8.523,9.547,15.05,16.868
706,-0.0094,11.9905,0.1138,8.527,9.552,15.059,16.879
707,-0.0095,11.9971,0.11382,8.531,9.557,15.068,16.889
708,-0.0097,12.0037,0.11384,8.536,9.562,15.077,16.9
709,-0.0099,12.0103,0.11386,8.54,9.567,15.086,16.91
710,-0.0101,12.0168,0.11388,8.544,9.572,15.094,16.921
711,-0.0102,12.0234,0.11389,8.549,9.577,15.103,16.931
712,-0.0104,12.03,0.11391,8.553,9.582,15.112,16.941
713,-0.0106,12.0366,0.11393,8.557,9.587,15.121,16.952
714,-0.0108,12.0431,0.11395,8.561,9.591,15.13,16.962
715,-0.011,12.0497,0.11397,8.566,9.596,15.139,16.972
716,-0.0111,12.0563,0.11399,8.57,9.601,15.148,16.983
717,-0.0113,12.0629,0.11401,8.574,9.606,15.157,16.993
718,-0.0115,12.0694,0.11403,8.578,9.611,15.166,17.004
719,-0.0117,12.076,0.11404,8.583,9.616,15.174,17.014
720,-0.0118,12.0826,0.11406,8.587,9.621,15.183,17.024
721,-0.012,12.0891,0.11408,8.591,9.626,15.192,17.035
722,-0.0122,12.0957,0.1141,8.596,9.631,15.201,17.045
723,-0.0124,12.1023,0.11412,8.6,9.636,15.21,17.056
724,-0.0125,12.1088,0.11414,8.604,9.641,15.219,17.066
725,-0.0127,12.1154,0.11416,8.608,9.645,15.228,17.077
726,-0.0129,12.122,0.11418,8.613,9.65,15.237,17.087
727,-0.0131,12.1285,0.1142,8.617,9.655,15.246,17.097
728,-0.0132,12.1351,0.11421,8.621,9.66,15.254,17.107
729,-0.0134,12.1416,0.11423,8.626,9.665,15.263,17.118
730,-0.0136,12.1482,0.11425,8.63,9.67,15.272,17.128
731,-0.0137,12.1548,0.11427,8.634,9.675,15.281,17.139
732,-0.0139,12.1613,0.11429,8.638,9.68,15.29,17.149
733,-0.0141,12.1679,0.11431,8.643,9.685,15.299,17.16
734,-0.0143,12.1744,0.11433,8.647,9.69,15.308,17.17
735,-0.0144,12.181,0.11435,8.651,9.694,15.317,17.181
736,-0.0146,12.1875,0.11437,8.655,9.699,15.326,17.191
737,-0.0148,12.1941,0.11439,8.659,9.704,15.335,17.202
738,-0.015,12.2006,0.1144,8.664,9.709,15.343,17.211
739,-0.0151,12.2072,0.11442,8.668,9.714,15.352,17.222
740,-0.0153,12.2137,0.11444,8.672,9.719,15.361,17.232
741,-0.0155,12.2202,0.11446,8.677,9.724,15.37,17.243
742,-0.0156,12.2268,0.11448,8.681,9.729,15.379,17.253
743,-0.0158,12.2333,0.1145,8.685,9.734,15.388,17.264
744,-0.016,12.2398,0.11452,8.689,9.738,15.397,17.274
745,-0.0162,12.2464,0.11454,8.693,9.743,15.406,17.285
746,-0.0163,12.2529,0.11456,8.698,9.748,15.415,17.295
747,-0.0165,12.2594,0.11458,8.702,9.753,15.423,17.305
748,-0.0167,12.266,0.1146,8.706,9.758,15.432,17.316
749,-0.0168,12.2725,0.11462,8.71,9.763,15.441,17.326
750,-0.017,12.279,0.11464,8.714,9.767,15.45,17.337
751,-0.0172,12.2855,0.11465,8.719,9.772,15.459,17.347
752,-0.0174,12.292,0.11467,8.723,9.777,15.468,17.357
753,-0.0175,12.2986,0.11469,8.727,9.782,15.477,17.367
754,-0.0177,12.3051,0.11471,8.731,9.787,15.485,17.378
755,-0.0179,12.3116,0.11473,8.736,9.792,15.494,17.388
756,-0.018,12.3181,0.11475,8.74,9.797,15.503,17.399
757,-0.0182,12.3246,0.11477,8.744,9.801,15.512,17.409
758,-0.0184,12.3311,0.11479,8.748,9.806,15.521,17.419
759,-0.0185,12.3376,0.11481,8.752,9.811,15.53,17.43
760,-0.0187,12.3441,0.11483,8.756,9.816,15.539,17.44
761,-0.0189,12.3506,0.11485,8.761,9.821,15.548,17.451
762,-0.0191,12.3571,0.11487,8.765,9.826,15.556,17.461
763,-0.0192,12.3636,0.11489,8.769,9.83,15.565,17.472
764,-0.0194,12.3701,0.11491,8.773,9.835,15.574,17.482
765,-0.0196,12.3766,0.11493,8.777,9.84,15.583,17.492
766,-0.0197,12.383,0.11495,8.781,9.845,15.592,17.503
767,-0.0199,12.3895,0.11497,8.786,9.85,15.601,17.513
768,-0.0201,12.396,0.11498,8.79,9.855,15.609,17.523
769,-0.0202,12.4025,0.115,8.794,9.859,15.618,17.533
770,-0.0204,12.409,0.11502,8.798,9.864,15.627,17.544
771,-0.0206,12.4154,0.11504,8.803,9.869,15.636,17.554
772,-0.0207,12.4219,0.11506,8.807,9.874,15.645,17.565
773,-0.0209,12.4284,0.11508,8.811,9.879,15.654,17.575
774,-0.0211,12.4348,0.1151,8.815,9.883,15.662,17.585
775,-0.0212,12.4413,0.11512,8.819,9.888,15.671,17.596
776,-0.0214,12.4477,0.11514,8.823,9.893,15.68,17.606
777,-0.0216,12.4542,0.11516,8.827,9.898,15.689,17.616
778,-0.0217,12.4606,0.11518,8.831,9.902,15.698,17.627
779,-0.0219,12.4671,0.1152,8.836,9.907,15.707,17.637
780,-0.0221,12.4735,0.11522,8.84,9.912,15.715,17.647
781,-0.0222,12.48,0.11524,8.844,9.917,15.724,17.658
782,-0.0224,12.4864,0.11526,8.848,9.922,15.733,17.668
783,-0.0226,12.4929,0.11528,8.852,9.926,15.742,17.679
784,-0.0227,12.4993,0.1153,8.856,9.931,15.751,17.689
785,-0.0229,12.5057,0.11532,8.86,9.936,15.759,17.699
786,-0.0231,12.5121,0.11534,8.864,9.941,15.768,17.71
787,-0.0232,12.5186,0.11536,8.869,9.945,15.777,17.72
788,-0.0234,12.525,0.11538,8.873,9.95,15.786,17.73
789,-0.0236,12.5314,0.1154,8.877,9.955,15.795,17.741
790,-0.0237,12.5378,0.11542,8.881,9.96,15.803,17.751
791,-0.0239,12.5442,0.11544,8.885,9.964,15.812,17.761
792,-0.0241,12.5506,0.11545,8.889,9.969,15.821,17.771
793,-0.0242,12.557,0.11547,8.893,9.974,15.829,17.781
794,-0.0244,12.5634,0.11549,8.898,9.979,15.838,17.792
795,-0.0246,12.5698,0.11551,8.902,9.983,15.847,17.802
796,-0.0247,12.5762,0.11553,8.906,9.988,15.856,17.812
797,-0.0249,12.5826,0.11555,8.91,9.993,15.864,17.823
798,-0.025,12.589,0.11557,8.914,9.998,15.873,17.833
799,-0.0252,12.5954,0.11559,8.918,10.002,15.882,17.843
800,-0.0254,12.6018,0.11561,8.922,10.007,15.891,17.854
801,-0.0255,12.6082,0.11563,8.926,10.012,15.9,17.864
802,-0.0257,12.6145,0.11565,8.93,10.016,15.908,17.874
803,-0.0259,12.6209,0.11567,8.934,10.021,15.917,17.884
804,-0.026,12.6273,0.11569,8.938,10.026,15.926,17.895
805,-0.0262,12.6336,0.11571,8.942,10.031,15.934,17.905
806,-0.0264,12.64,0.11573,8.946,10.035,15.943,17.915
807,-0.0265,12.6464,0.11575,8.951,10.04,15.952,17.926
808,-0.0267,12.6527,0.11577,8.955,10.045,15.961,17.936
809,-0.0268,12.6591,0.11579,8.959,10.049,15.969,17.946
810,-0.027,12.6654,0.11581,8.963,10.054,15.978,17.956
811,-0.0272,12.6718,0.11583,8.967,10.059,15.987,17.967
812,-0.0273,12.6781,0.11585,8.971,10.063,15.996,17.977
813,-0.0275,12.6844,0.11587,8.975,10.068,16.004,17.987
814,-0.0277,12.6908,0.11589,8.979,10.073,16.013,17.997
815,-0.0278,12.6971,0.11591,8.983,10.077,16.022,18.008
816,-0.028,12.7034,0.11593,8.987,10.082,16.03,18.018
817,-0.0281,12.7098,0.11595,8.991,10.087,16.039,18.028
818,-0.0283,12.7161,0.11597,8.995,10.091,16.048,18.038
819,-0.0285,12.7224,0.11599,8.999,10.096,16.057,18.049
820,-0.0286,12.7287,0.11601,9.003,10.101,16.065,18.059
821,-0.0288,12.735,0.11602,9.007,10.106,16.074,18.069
822,-0.0289,12.7413,0.11604,9.011,10.11,16.082,18.079
823,-0.0291,12.7476,0.11606,9.015,10.115,16.091,18.089
824,-0.0293,12.7539,0.11608,9.019,10.119,16.1,18.099
825,-0.0294,12.7602,0.1161,9.023,10.124,16.108,18.109
826,-0.0296,12.7665,0.11612,9.027,10.129,16.117,18.12
827,-0.0297,12.7728,0.11614,9.031,10.133,16.126,18.13
828,-0.0299,12.7791,0.11616,9.035,10.138,16.134,18.14
829,-0.0301,12.7854,0.11618,9.039,10.143,16.143,18.15
830,-0.0302,12.7916,0.1162,9.043,10.147,16.151,18.16
831,-0.0304,12.7979,0.11622,9.047,10.152,16.16,18.171
832,-0.0305,12.8042,0.11624,9.051,10.156,16.169,18.181
833,-0.0307,12.8104,0.11626,9.055,10.161,16.177,18.191
834,-0.0309,12.8167,0.11628,9.059,10.166,16.186,18.201
835,-0.031,12.823,0.1163,9.063,10.17,16.195,18.211
836,-0.0312,12.8292,0.11632,9.067,10.175,16.203,18.221
837,-0.0313,12.8355,0.11634,9.071,10.18,16.212,18.232
838,-0.0315,12.8417,0.11636,9.075,10.184,16.22,18.242
839,-0.0317,12.848,0.11638,9.079,10.189,16.229,18.252
840,-0.0318,12.8542,0.1164,9.083,10.193,16.238,18.262
841,-0.032,12.8604,0.11642,9.087,10.198,16.246,18.272
842,-0.0321,12.8667,0.11644,9.091,10.202,16.255,18.282
843,-0.0323,12.8729,0.11646,9.095,10.207,16.264,18.292
844,-0.0324,12.8791,0.11647,9.099,10.212,16.272,18.302
845,-0.0326,12.8853,0.11649,9.103,10.216,16.28,18.312
846,-0.0328,12.8915,0.11651,9.107,10.221,16.289,18.322
847,-0.0329,12.8978,0.11653,9.111,10.226,16.298,18.332
848,-0.0331,12.904,0.11655,9.115,10.23,16.306,18.343
849,-0.0332,12.9102,0.11657,9.119,10.235,16.315,18.353
850,-0.0334,12.9164,0.11659,9.123,10.239,16.323,18.363
851,-0.0336,12.9226,0.11661,9.127,10.244,16.332,18.373
852,-0.0337,12.9288,0.11663,9.13,10.248,16.34,18.383
853,-0.0339,12.935,0.11665,9.134,10.253,16.349,18.393
854,-0.034,12.9411,0.11667,9.138,10.257,16.357,18.403
855,-0.0342,12.9473,0.11669,9.142,10.262,16.366,18.413
856,-0.0343,12.9535,0.11671,9.146,10.266,16.375,18.423
857,-0.0345,12.9597,0.11673,9.15,10.271,16.383,18.433
858,-0.0346,12.9658,0.11675,9.154,10.275,16.392,18.443
859,-0.0348,12.972,0.11677,9.158,10.28,16.4,18.454
860,-0.035,12.9782,0.11679,9.162,10.285,16.409,18.464
861,-0.0351,12.9843,0.11681,9.166,10.289,16.417,18.474
862,-0.0353,12.9905,0.11683,9.169,10.294,16.426,18.484
863,-0.0354,12.9966,0.11684,9.174,10.298,16.434,18.493
864,-0.0356,13.0028,0.11686,9.177,10.303,16.442,18.503
865,-0.0357,13.0089,0.11688,9.181,10.307,16.451,18.513
866,-0.0359,13.0151,0.1169,9.185,10.312,16.459,18.523
867,-0.0361,13.0212,0.11692,9.189,10.316,16.468,18.533
868,-0.0362,13.0273,0.11694,9.193,10.321,16.476,18.543
869,-0.0364,13.0334,0.11696,9.197,10.325,16.485,18.553
870,-0.0365,13.0396,0.11698,9.201,10.33,16.493,18.564
871,-0.0367,13.0457,0.117,9.205,10.334,16.502,18.574
872,-0.0368,13.0518,0.11702,9.208,10.339,16.51,18.583
873,-0.037,13.0579,0.11704,9.212,10.343,16.519,18.594
874,-0.0371,13.064,0.11706,9.216,10.348,16.527,18.603
875,-0.0373,13.0701,0.11708,9.22,10.352,16.536,18.614
876,-0.0374,13.0762,0.1171,9.224,10.356,16.544,18.623
877,-0.0376,13.0823,0.11712,9.228,10.361,16.553,18.634
878,-0.0378,13.0884,0.11713,9.232,10.366,16.561,18.643
879,-0.0379,13.0945,0.11715,9.236,10.37,16.569,18.653
880,-0.0381,13.1006,0.11717,9.239,10.375,16.578,18.663
881,-0.0382,13.1067,0.11719,9.243,10.379,16.586,18.673
882,-0.0384,13.1127,0.11721,9.247,10.383,16.594,18.683
883,-0.0385,13.1188,0.11723,9.251,10.388,16.603,18.693
884,-0.0387,13.1249,0.11725,9.255,10.392,16.611,18.703
885,-0.0388,13.131,0.11727,9.259,10.397,16.62,18.713
886,-0.039,13.137,0.11729,9.262,10.401,16.628,18.723
887,-0.0391,13.1431,0.11731,9.266,10.406,16.637,18.733
888,-0.0393,13.1491,0.11733,9.27,10.41,16.645,18.743
889,-0.0394,13.1552,0.11735,9.274,10.414,16.653,18.753
890,-0.0396,13.1612,0.11737,9.278,10.419,16.662,18.763
891,-0.0397,13.1673,0.11739,9.281,10.423,16.67,18.772
892,-0.0399,13.1733,0.1174,9.285,10.428,16.678,18.782
893,-0.0401,13.1793,0.11742,9.289,10.432,16.687,18.792
894,-0.0402,13.1854,0.11744,9.293,10.437,16.695,18.802
895,-0.0404,13.1914,0.11746,9.297,10.441,16.703,18.812
896,-0.0405,13.1974,0.11748,9.301,10.445,16.712,18.821
897,-0.0407,13.2034,0.1175,9.304,10.45,16.72,18.831
898,-0.0408,13.2095,0.11752,9.308,10.454,16.728,18.841
899,-0.041,13.2155,0.11754,9.312,10.459,16.737,18.851
900,-0.0411,13.2215,0.11756,9.316,10.463,16.745,18.861
901,-0.0413,13.2275,0.11758,9.319,10.467,16.754,18.871
902,-0.0414,13.2335,0.1176,9.323,10.472,16.762,18.881
903,-0.0416,13.2395,0.11762,9.327,10.476,16.77,18.891
904,-0.0417,13.2455,0.11763,9.331,10.481,16.778,18.9
905,-0.0419,13.2515,0.11765,9.335,10.485,16.787,18.91
906,-0.042,13.2575,0.11767,9.338,10.49,16.795,18.92
907,-0.0422,13.2634,0.11769,9.342,10.494,16.803,18.93
908,-0.0423,13.2694,0.11771,9.346,10.498,16.811,18.94
909,-0.0425,13.2754,0.11773,9.35,10.503,16.82,18.95
910,-0.0426,13.2814,0.11775,9.353,10.507,16.828,18.959
911,-0.0428,13.2873,0.11777,9.357,10.511,16.836,18.969
912,-0.0429,13.2933,0.11779,9.361,10.516,16.845,18.979
913,-0.0431,13.2993,0.11781,9.365,10.52,16.853,18.989
914,-0.0432,13.3052,0.11783,9.368,10.524,16.861,18.999
915,-0.0434,13.3112,0.11785,9.372,10.529,16.87,19.009
916,-0.0435,13.3171,0.11786,9.376,10.533,16.878,19.018
917,-0.0437,13.3231,0.11788,9.38,10.538,16.886,19.028
918,-0.0438,13.329,0.1179,9.384,10.542,16.894,19.037
919,-0.044,13.335,0.11792,9.387,10.546,16.903,19.047
920,-0.0441,13.3409,0.11794,9.391,10.55,16.911,19.057
921,-0.0443,13.3468,0.11796,9.395,10.555,16.919,19.067
922,-0.0444,13.3528,0.11798,9.398,10.559,16.927,19.077
923,-0.0446,13.3587,0.118,9.402,10.563,16.936,19.087
924,-0.0447,13.3646,0.11802,9.406,10.568,16.944,19.096
925,-0.0449,13.3705,0.11804,9.409,10.572,16.952,19.106
926,-0.045,13.3765,0.11805,9.413,10.577,16.96,19.116
927,-0.0452,13.3824,0.11807,9.417,10.581,16.968,19.125
928,-0.0453,13.3883,0.11809,9.421,10.585,16.977,19.135
929,-0.0455,13.3942,0.11811,9.425,10.589,16.985,19.145
930,-0.0456,13.4001,0.11813,9.428,10.594,16.993,19.155
931,-0.0458,13.406,0.11815,9.432,10.598,17.001,19.165
932,-0.0459,13.4119,0.11817,9.436,10.602,17.01,19.174
933,-0.0461,13.4178,0.11819,9.439,10.607,17.018,19.184
934,-0.0462,13.4237,0.11821,9.443,10.611,17.026,19.194
935,-0.0464,13.4296,0.11823,9.447,10.615,17.034,19.204
936,-0.0465,13.4354,0.11825,9.45,10.619,17.042,19.213
937,-0.0466,13.4413,0.11826,9.454,10.624,17.05,19.222
938,-0.0468,13.4472,0.11828,9.458,10.628,17.059,19.232
939,-0.0469,13.4531,0.1183,9.461,10.632,17.067,19.242
940,-0.0471,13.4589,0.11832,9.465,10.637,17.075,19.252
941,-0.0472,13.4648,0.11834,9.469,10.641,17.083,19.261
942,-0.0474,13.4707,0.11836,9.472,10.645,17.091,19.271
943,-0.0475,13.4765,0.11838,9.476,10.649,17.099,19.281
944,-0.0477,13.4824,0.1184,9.48,10.654,17.108,19.291
945,-0.0478,13.4883,0.11842,9.483,10.658,17.116,19.301
946,-0.048,13.4941,0.11843,9.487,10.662,17.124,19.31
947,-0.0481,13.5,0.11845,9.491,10.667,17.132,19.319
948,-0.0483,13.5058,0.11847,9.495,10.671,17.14,19.329
949,-0.0484,13.5116,0.11849,9.498,10.675,17.148,19.339
950,-0.0486,13.5175,0.11851,9.502,10.679,17.157,19.349
951,-0.0487,13.5233,0.11853,9.505,10.684,17.165,19.358
952,-0.0489,13.5291,0.11855,9.509,10.688,17.173,19.368
953,-0.049,13.535,0.11857,9.513,10.692,17.181,19.378
954,-0.0491,13.5408,0.11859,9.516,10.696,17.189,19.387
955,-0.0493,13.5466,0.1186,9.52,10.701,17.197,19.397
956,-0.0494,13.5524,0.11862,9.524,10.705,17.205,19.406
957,-0.0496,13.5583,0.11864,9.528,10.709,17.213,19.416
958,-0.0497,13.5641,0.11866,9.531,10.713,17.221,19.426
959,-0.0499,13.5699,0.11868,9.535,10.718,17.23,19.435
960,-0.05,13.5757,0.1187,9.538,10.722,17.238,19.445
961,-0.0502,13.5815,0.11872,9.542,10.726,17.246,19.455
962,-0.0503,13.5873,0.11874,9.545,10.73,17.254,19.464
963,-0.0505,13.5931,0.11876,9.549,10.734,17.262,19.474
964,-0.0506,13.5989,0.11877,9.553,10.739,17.27,19.483
965,-0.0507,13.6047,0.11879,9.557,10.743,17.278,19.493
966,-0.0509,13.6105,0.11881,9.56,10.747,17.286,19.503
967,-0.051,13.6163,0.11883,9.564,10.751,17.294,19.512
968,-0.0512,13.622,0.11885,9.567,10.756,17.302,19.522
969,-0.0513,13.6278,0.11887,9.571,10.76,17.311,19.531
970,-0.0515,13.6336,0.11889,9.575,10.764,17.319,19.541
971,-0.0516,13.6394,0.11891,9.578,10.768,17.327,19.551
972,-0.0518,13.6452,0.11892,9.582,10.773,17.335,19.56
973,-0.0519,13.6509,0.11894,9.585,10.777,17.343,19.569
974,-0.052,13.6567,0.11896,9.589,10.781,17.351,19.579
975,-0.0522,13.6625,0.11898,9.593,10.785,17.359,19.589
976,-0.0523,13.6682,0.119,9.596,10.789,17.367,19.598
977,-0.0525,13.674,0.11902,9.6,10.793,17.375,19.608
978,-0.0526,13.6797,0.11904,9.603,10.797,17.383,19.618
979,-0.0528,13.6855,0.11906,9.607,10.802,17.391,19.627
980,-0.0529,13.6912,0.11907,9.611,10.806,17.399,19.636
981,-0.053,13.697,0.11909,9.614,10.81,17.407,19.646
982,-0.0532,13.7027,0.11911,9.618,10.814,17.415,19.656
983,-0.0533,13.7085,0.11913,9.621,10.818,17.423,19.665
984,-0.0535,13.7142,0.11915,9.625,10.823,17.431,19.675
985,-0.0536,13.7199,0.11917,9.628,10.827,17.439,19.684
986,-0.0538,13.7257,0.11919,9.632,10.831,17.447,19.694
987,-0.0539,13.7314,0.1192,9.636,10.835,17.455,19.703
988,-0.054,13.7371,0.11922,9.639,10.839,17.463,19.713
989,-0.0542,13.7429,0.11924,9.643,10.844,17.471,19.722
990,-0.0543,13.7486,0.11926,9.646,10.848,17.479,19.732
991,-0.0545,13.7543,0.11928,9.65,10.852,17.487,19.742
992,-0.0546,13.76,0.1193,9.653,10.856,17.495,19.751
993,-0.0548,13.7657,0.11932,9.657,10.86,17.503,19.761
994,-0.0549,13.7715,0.11933,9.661,10.864,17.511,19.77
995,-0.055,13.7772,0.11935,9.664,10.868,17.519,19.779
996,-0.0552,13.7829,0.11937,9.668,10.873,17.527,19.789
997,-0.0553,13.7886,0.11939,9.671,10.877,17.535,19.799
998,-0.0555,13.7943,0.11941,9.675,10.881,17.543,19.808
999,-0.0556,13.8,0.11943,9.678,10.885,17.551,19.818
1000,-0.0558,13.8057,0.11945,9.682,10.889,17.559,19.827
1001,-0.0559,13.8114,0.11946,9.686,10.893,17.567,19.836
1002,-0.056,13.8171,0.11948,9.689,10.897,17.575,19.846
1003,-0.0562,13.8228,0.1195,9.693,10.902,17.583,19.855
1004,-0.0563,13.8285,0.11952,9.696,10.906,17.591,19.865
1005,-0.0565,13.8341,0.11954,9.7,10.91,17.599,19.875
1006,-0.0566,13.8398,0.11956,9.703,10.914,17.607,19.884
1007,-0.0567,13.8455,0.11957,9.707,10.918,17.615,19.893
1008,-0.0569,13.8512,0.11959,9.711,10.922,17.623,19.903
1009,-0.057,13.8569,0.11961,9.714,10.926,17.631,19.912
1010,-0.0572,13.8625,0.11963,9.718,10.93,17.639,19.922
1011,-0.0573,13.8682,0.11965,9.721,10.935,17.647,19.931
1012,-0.0574,13.8739,0.11967,9.724,10.939,17.655,19.941
1013,-0.0576,13.8796,0.11968,9.728,10.943,17.663,19.95
1014,-0.0577,13.8852,0.1197,9.732,10.947,17.67,19.959
1015,-0.0579,13.8909,0.11972,9.735,10.951,17.678,19.969
1016,-0.058,13.8966,0.11974,9.739,10.955,17.687,19.979
1017,-0.0581,13.9022,0.11976,9.742,10.959,17.694,19.988
1018,-0.0583,13.9079,0.11978,9.746,10.963,17.702,19.998
1019,-0.0584,13.9135,0.11979,9.749,10.968,17.71,20.006
1020,-0.0586,13.9192,0.11981,9.753,10.972,17.718,20.016
1021,-0.0587,13.9248,0.11983,9.756,10.976,17.726,20.026
1022,-0.0588,13.9305,0.11985,9.76,10.98,17.734,20.035
1023,-0.059,13.9361,0.11987,9.763,10.984,17.742,20.045
1024,-0.0591,13.9418,0.11988,9.767,10.988,17.75,20.054
1025,-0.0593,13.9474,0.1199,9.771,10.992,17.758,20.063
1026,-0.0594,13.9531,0.11992,9.774,10.996,17.766,20.073
1027,-0.0595,13.9587,0.11994,9.777,11,17.774,20.082
1028,-0.0597,13.9644,0.11996,9.781,11.004,17.782,20.092
1029,-0.0598,13.97,0.11998,9.784,11.008,17.79,20.101
1030,-0.06,13.9756,0.11999,9.788,11.013,17.797,20.11
1031,-0.0601,13.9813,0.12001,9.792,11.017,17.805,20.12
1032,-0.0602,13.9869,0.12003,9.795,11.021,17.813,20.129
1033,-0.0604,13.9925,0.12005,9.799,11.025,17.821,20.139
1034,-0.0605,13.9982,0.12007,9.802,11.029,17.829,20.148
1035,-0.0607,14.0038,0.12008,9.806,11.033,17.837,20.157
1036,-0.0608,14.0094,0.1201,9.809,11.037,17.845,20.167
1037,-0.0609,14.015,0.12012,9.813,11.041,17.852,20.176
1038,-0.0611,14.0207,0.12014,9.816,11.045,17.861,20.186
1039,-0.0612,14.0263,0.12016,9.82,11.049,17.868,20.195
1040,-0.0613,14.0319,0.12017,9.823,11.053,17.876,20.204
1041,-0.0615,14.0375,0.12019,9.827,11.058,17.884,20.214
1042,-0.0616,14.0431,0.12021,9.83,11.062,17.892,20.223
1043,-0.0618,14.0488,0.12023,9.834,11.066,17.9,20.233
1044,-0.0619,14.0544,0.12025,9.837,11.07,17.908,20.242
1045,-0.062,14.06,0.12026,9.841,11.074,17.915,20.251
1046,-0.0622,14.0656,0.12028,9.844,11.078,17.923,20.261
1047,-0.0623,14.0712,0.1203,9.848,11.082,17.931,20.27
1048,-0.0624,14.0768,0.12032,9.851,11.086,17.939,20.28
1049,-0.0626,14.0824,0.12033,9.855,11.09,17.947,20.289
1050,-0.0627,14.088,0.12035,9.858,11.094,17.955,20.298
1051,-0.0629,14.0936,0.12037,9.862,11.098,17.963,20.308
1052,-0.063,14.0992,0.12039,9.865,11.102,17.971,20.317
1053,-0.0631,14.1048,0.12041,9.868,11.106,17.979,20.327
1054,-0.0633,14.1104,0.12042,9.872,11.11,17.986,20.335
1055,-0.0634,14.116,0.12044,9.876,11.114,17.994,20.345
1056,-0.0635,14.1216,0.12046,9.879,11.118,18.002,20.354
1057,-0.0637,14.1272,0.12048,9.882,11.123,18.01,20.364
1058,-0.0638,14.1328,0.1205,9.886,11.127,18.018,20.373
1059,-0.0639,14.1384,0.12051,9.89,11.131,18.026,20.382
1060,-0.0641,14.144,0.12053,9.893,11.135,18.034,20.392
1061,-0.0642,14.1495,0.12055,9.896,11.139,18.041,20.401
1062,-0.0644,14.1551,0.12057,9.9,11.143,18.049,20.411
1063,-0.0645,14.1607,0.12058,9.903,11.147,18.057,20.42
1064,-0.0646,14.1663,0.1206,9.907,11.151,18.065,20.429
1065,-0.0648,14.1719,0.12062,9.91,11.155,18.073,20.439
1066,-0.0649,14.1775,0.12064,9.914,11.159,18.081,20.448
1067,-0.065,14.183,0.12065,9.917,11.163,18.088,20.457
1068,-0.0652,14.1886,0.12067,9.921,11.167,18.096,20.467
1069,-0.0653,14.1942,0.12069,9.924,11.171,18.104,20.476
1070,-0.0654,14.1998,0.12071,9.928,11.175,18.112,20.485
1071,-0.0656,14.2053,0.12073,9.931,11.179,18.12,20.495
1072,-0.0657,14.2109,0.12074,9.935,11.183,18.127,20.504
1073,-0.0658,14.2165,0.12076,9.938,11.187,18.135,20.513
1074,-0.066,14.2221,0.12078,9.942,11.191,18.143,20.523
1075,-0.0661,14.2276,0.1208,9.945,11.195,18.151,20.532
1076,-0.0663,14.2332,0.12081,9.949,11.2,18.159,20.541
1077,-0.0664,14.2388,0.12083,9.952,11.204,18.167,20.551
1078,-0.0665,14.2443,0.12085,9.955,11.207,18.175,20.56
1079,-0.0667,14.2499,0.12087,9.959,11.211,18.183,20.57
1080,-0.0668,14.2554,0.12088,9.962,11.216,18.19,20.578
1081,-0.0669,14.261,0.1209,9.966,11.22,18.198,20.588
1082,-0.0671,14.2666,0.12092,9.969,11.224,18.206,20.597
1083,-0.0672,14.2721,0.12094,9.973,11.228,18.214,20.607
1084,-0.0673,14.2777,0.12095,9.976,11.232,18.221,20.616
1085,-0.0675,14.2832,0.12097,9.98,11.236,18.229,20.625
1086,-0.0676,14.2888,0.12099,9.983,11.24,18.237,20.635
1087,-0.0677,14.2944,0.12101,9.986,11.244,18.245,20.644
1088,-0.0679,14.2999,0.12102,9.99,11.248,18.253,20.653
1089,-0.068,14.3055,0.12104,9.993,11.252,18.26,20.663
1090,-0.0681,14.311,0.12106,9.997,11.256,18.268,20.672
1091,-0.0683,14.3166,0.12108,10,11.26,18.276,20.682
1092,-0.0684,14.3221,0.12109,10.004,11.264,18.284,20.69
1093,-0.0685,14.3277,0.12111,10.007,11.268,18.292,20.7
1094,-0.0687,14.3332,0.12113,10.011,11.272,18.3,20.709
1095,-0.0688,14.3387,0.12115,10.014,11.276,18.307,20.719
1096,-0.0689,14.3443,0.12116,10.018,11.28,18.315,20.728
1097,-0.0691,14.3498,0.12118,10.021,11.284,18.323,20.737
1098,-0.0692,14.3554,0.1212,10.024,11.288,18.331,20.747
1099,-0.0693,14.3609,0.12121,10.028,11.292,18.338,20.755
1100,-0.0695,14.3665,0.12123,10.031,11.296,18.346,20.765
1101,-0.0696,14.372,0.12125,10.035,11.3,18.354,20.774
1102,-0.0697,14.3775,0.12127,10.038,11.304,18.362,20.784
1103,-0.0699,14.3831,0.12128,10.042,11.308,18.37,20.793
1104,-0.07,14.3886,0.1213,10.045,11.312,18.377,20.802
1105,-0.0701,14.3942,0.12132,10.049,11.316,18.385,20.812
1106,-0.0703,14.3997,0.12134,10.052,11.32,18.393,20.821
1107,-0.0704,14.4052,0.12135,10.056,11.324,18.401,20.83
1108,-0.0705,14.4108,0.12137,10.059,11.328,18.409,20.839
1109,-0.0707,14.4163,0.12139,10.062,11.332,18.417,20.849
1110,-0.0708,14.4218,0.12141,10.066,11.336,18.424,20.858
1111,-0.0709,14.4274,0.12142,10.069,11.34,18.432,20.867
1112,-0.0711,14.4329,0.12144,10.073,11.344,18.44,20.877
1113,-0.0712,14.4384,0.12146,10.076,11.348,18.448,20.886
1114,-0.0713,14.4439,0.12147,10.08,11.352,18.455,20.895
1115,-0.0715,14.4495,0.12149,10.083,11.356,18.463,20.904
1116,-0.0716,14.455,0.12151,10.086,11.36,18.471,20.914
1117,-0.0717,14.4605,0.12153,10.09,11.364,18.479,20.923
1118,-0.0718,14.4661,0.12154,10.093,11.368,18.486,20.932
1119,-0.072,14.4716,0.12156,10.097,11.372,18.494,20.942
1120,-0.0721,14.4771,0.12158,10.1,11.376,18.502,20.951
1121,-0.0722,14.4826,0.12159,10.104,11.38,18.51,20.96
1122,-0.0724,14.4881,0.12161,10.107,11.384,18.517,20.969
1123,-0.0725,14.4937,0.12163,10.11,11.388,18.525,20.979
1124,-0.0726,14.4992,0.12165,10.114,11.392,18.533,20.988
1125,-0.0728,14.5047,0.12166,10.117,11.396,18.541,20.997
1126,-0.0729,14.5102,0.12168,10.121,11.4,18.549,21.007
1127,-0.073,14.5158,0.1217,10.124,11.404,18.557,21.016
1128,-0.0732,14.5213,0.12171,10.128,11.408,18.564,21.025
1129,-0.0733,14.5268,0.12173,10.131,11.412,18.572,21.034
1130,-0.0734,14.5323,0.12175,10.134,11.416,18.58,21.044
1131,-0.0736,14.5378,0.12177,10.138,11.42,18.588,21.053
1132,-0.0737,14.5433,0.12178,10.141,11.424,18.595,21.062
1133,-0.0738,14.5489,0.1218,10.145,11.428,18.603,21.072
1134,-0.0739,14.5544,0.12182,10.148,11.432,18.611,21.081
1135,-0.0741,14.5599,0.12183,10.152,11.436,18.619,21.09
1136,-0.0742,14.5654,0.12185,10.155,11.44,18.626,21.099
1137,-0.0743,14.5709,0.12187,10.158,11.444,18.634,21.109
1138,-0.0745,14.5764,0.12189,10.162,11.448,18.642,21.118
1139,-0.0746,14.5819,0.1219,10.165,11.452,18.65,21.127
1140,-0.0747,14.5875,0.12192,10.169,11.456,18.658,21.137
1141,-0.0749,14.593,0.12194,10.172,11.46,18.665,21.146
1142,-0.075,14.5985,0.12195,10.176,11.464,18.673,21.155
1143,-0.0751,14.604,0.12197,10.179,11.468,18.681,21.165
1144,-0.0752,14.6095,0.12199,10.182,11.472,18.689,21.174
1145,-0.0754,14.615,0.122,10.186,11.476,18.696,21.183
1146,-0.0755,14.6205,0.12202,10.189,11.48,18.704,21.192
1147,-0.0756,14.626,0.12204,10.193,11.484,18.712,21.202
1148,-0.0758,14.6315,0.12206,10.196,11.488,18.72,21.211
1149,-0.0759,14.6371,0.12207,10.2,11.492,18.727,21.22
1150,-0.076,14.6426,0.12209,10.203,11.496,18.735,21.23
1151,-0.0762,14.6481,0.12211,10.206,11.5,18.743,21.239
1152,-0.0763,14.6536,0.12212,10.21,11.504,18.751,21.248
1153,-0.0764,14.6591,0.12214,10.213,11.508,18.759,21.257
1154,-0.0765,14.6646,0.12216,10.216,11.512,18.766,21.267
1155,-0.0767,14.6701,0.12217,10.22,11.516,18.774,21.276
1156,-0.0768,14.6756,0.12219,10.223,11.52,18.782,21.285
1157,-0.0769,14.6811,0.12221,10.227,11.524,18.79,21.295
1158,-0.0771,14.6866,0.12222,10.23,11.528,18.797,21.304
1159,-0.0772,14.6921,0.12224,10.234,11.532,18.805,21.313
1160,-0.0773,14.6976,0.12226,10.237,11.536,18.813,21.323
1161,-0.0774,14.7032,0.12228,10.24,11.54,18.821,21.332
1162,-0.0776,14.7087,0.12229,10.244,11.544,18.828,21.341
1163,-0.0777,14.7142,0.12231,10.247,11.548,18.836,21.351
1164,-0.0778,14.7197,0.12233,10.251,11.552,18.844,21.36
1165,-0.078,14.7252,0.12234,10.254,11.556,18.852,21.369
1166,-0.0781,14.7307,0.12236,10.258,11.56,18.86,21.378
1167,-0.0782,14.7362,0.12238,10.261,11.564,18.867,21.388
1168,-0.0783,14.7417,0.12239,10.264,11.568,18.875,21.397
1169,-0.0785,14.7472,0.12241,10.268,11.572,18.883,21.406
1170,-0.0786,14.7527,0.12243,10.271,11.576,18.891,21.416
1171,-0.0787,14.7582,0.12244,10.275,11.58,18.898,21.424
1172,-0.0788,14.7637,0.12246,10.278,11.584,18.906,21.434
1173,-0.079,14.7692,0.12248,10.281,11.587,18.914,21.444
1174,-0.0791,14.7747,0.12249,10.285,11.592,18.922,21.452
1175,-0.0792,14.7802,0.12251,10.288,11.595,18.929,21.462
1176,-0.0794,14.7857,0.12253,10.292,11.599,18.937,21.471
1177,-0.0795,14.7912,0.12254,10.295,11.604,18.945,21.48
1178,-0.0796,14.7967,0.12256,10.299,11.607,18.953,21.49
1179,-0.0797,14.8022,0.12258,10.302,11.611,18.961,21.499
1180,-0.0799,14.8077,0.12259,10.305,11.615,18.968,21.508
1181,-0.08,14.8132,0.12261,10.309,11.619,18.976,21.518
1182,-0.0801,14.8187,0.12263,10.312,11.623,18.984,21.527
1183,-0.0802,14.8242,0.12265,10.315,11.627,18.992,21.537
1184,-0.0804,14.8297,0.12266,10.319,11.631,18.999,21.545
1185,-0.0805,14.8352,0.12268,10.322,11.635,19.007,21.555
1186,-0.0806,14.8407,0.1227,10.326,11.639,19.015,21.564
1187,-0.0808,14.8462,0.12271,10.329,11.643,19.023,21.573
1188,-0.0809,14.8517,0.12273,10.333,11.647,19.031,21.583
1189,-0.081,14.8572,0.12275,10.336,11.651,19.038,21.592
1190,-0.0811,14.8627,0.12276,10.339,11.655,19.046,21.601
1191,-0.0813,14.8682,0.12278,10.343,11.659,19.054,21.611
1192,-0.0814,14.8737,0.1228,10.346,11.663,19.062,21.62
1193,-0.0815,14.8792,0.12281,10.35,11.667,19.069,21.629
1194,-0.0816,14.8847,0.12283,10.353,11.671,19.077,21.639
1195,-0.0818,14.8902,0.12285,10.356,11.675,19.085,21.648
1196,-0.0819,14.8957,0.12286,10.36,11.679,19.093,21.657
1197,-0.082,14.9012,0.12288,10.363,11.683,19.1,21.667
1198,-0.0821,14.9067,0.1229,10.367,11.687,19.108,21.676
1199,-0.0823,14.9122,0.12291,10.37,11.691,19.116,21.685
1200,-0.0824,14.9177,0.12293,10.373,11.695,19.124,21.694
1201,-0.0825,14.9232,0.12295,10.377,11.699,19.132,21.704
1202,-0.0826,14.9287,0.12296,10.38,11.703,19.139,21.713
1203,-0.0828,14.9342,0.12298,10.384,11.707,19.147,21.722
1204,-0.0829,14.9397,0.123,10.387,11.711,19.155,21.732
1205,-0.083,14.9452,0.12301,10.391,11.715,19.163,21.741
1206,-0.0831,14.9507,0.12303,10.394,11.719,19.17,21.75
1207,-0.0833,14.9562,0.12305,10.397,11.723,19.178,21.76
1208,-0.0834,14.9617,0.12306,10.401,11.727,19.186,21.769
1209,-0.0835,14.9672,0.12308,10.404,11.731,19.194,21.778
1210,-0.0836,14.9727,0.1231,10.407,11.734,19.202,21.788
1211,-0.0838,14.9782,0.12311,10.411,11.739,19.209,21.797
1212,-0.0839,14.9837,0.12313,10.414,11.742,19.217,21.806
1213,-0.084,14.9892,0.12315,10.418,11.746,19.225,21.816
1214,-0.0841,14.9947,0.12316,10.421,11.75,19.233,21.825
1215,-0.0843,15.0002,0.12318,10.425,11.754,19.241,21.834
1216,-0.0844,15.0057,0.1232,10.428,11.758,19.248,21.844
1217,-0.0845,15.0112,0.12321,10.431,11.762,19.256,21.853
1218,-0.0846,15.0167,0.12323,10.435,11.766,19.264,21.862
1219,-0.0848,15.0222,0.12325,10.438,11.77,19.272,21.872
1220,-0.0849,15.0277,0.12326,10.442,11.774,19.279,21.881
1221,-0.085,15.0332,0.12328,10.445,11.778,19.287,21.89
1222,-0.0851,15.0387,0.1233,10.448,11.782,19.295,21.9
1223,-0.0853,15.0442,0.12331,10.452,11.786,19.303,21.909
1224,-0.0854,15.0497,0.12333,10.455,11.79,19.311,21.918
1225,-0.0855,15.0552,0.12335,10.458,11.794,19.318,21.928
1226,-0.0856,15.0607,0.12336,10.462,11.798,19.326,21.937
1227,-0.0858,15.0662,0.12338,10.465,11.802,19.334,21.946
1228,-0.0859,15.0717,0.1234,10.469,11.806,19.342,21.956
1229,-0.086,15.0772,0.12342,10.472,11.81,19.35,21.965
1230,-0.0861,15.0827,0.12343,10.475,11.814,19.357,21.974
1231,-0.0863,15.0882,0.12345,10.479,11.818,19.365,21.984
1232,-0.0864,15.0937,0.12347,10.482,11.822,19.373,21.993
1233,-0.0865,15.0992,0.12348,10.486,11.826,19.381,22.002
1234,-0.0866,15.1047,0.1235,10.489,11.83,19.389,22.012
1235,-0.0868,15.1102,0.12352,10.492,11.834,19.397,22.022
1236,-0.0869,15.1157,0.12353,10.496,11.838,19.404,22.03
1237,-0.087,15.1212,0.12355,10.499,11.842,19.412,22.04
1238,-0.0871,15.1267,0.12357,10.502,11.845,19.42,22.049
1239,-0.0872,15.1322,0.12358,10.506,11.85,19.427,22.058
1240,-0.0874,15.1377,0.1236,10.509,11.853,19.435,22.068
1241,-0.0875,15.1432,0.12362,10.513,11.857,19.443,22.078
1242,-0.0876,15.1487,0.12363,10.516,11.861,19.451,22.086
1243,-0.0877,15.1542,0.12365,10.52,11.865,19.459,22.096
1244,-0.0879,15.1596,0.12367,10.523,11.869,19.467,22.106
1245,-0.088,15.1651,0.12368,10.526,11.873,19.474,22.114
1246,-0.0881,15.1706,0.1237,10.53,11.877,19.482,22.124
1247,-0.0882,15.1761,0.12372,10.533,11.881,19.49,22.134
1248,-0.0883,15.1816,0.12373,10.537,11.885,19.498,22.142
1249,-0.0885,15.1871,0.12375,10.54,11.889,19.506,22.152
1250,-0.0886,15.1926,0.12377,10.543,11.893,19.513,22.162
1251,-0.0887,15.1981,0.12379,10.546,11.897,19.521,22.171
1252,-0.0888,15.2036,0.1238,10.55,11.901,19.529,22.18
1253,-0.089,15.2091,0.12382,10.553,11.905,19.537,22.19
1254,-0.0891,15.2146,0.12384,10.557,11.909,19.545,22.199
1255,-0.0892,15.2201,0.12385,10.56,11.913,19.552,22.208
1256,-0.0893,15.2256,0.12387,10.563,11.917,19.56,22.218
1257,-0.0894,15.2311,0.12389,10.567,11.921,19.568,22.227
1258,-0.0896,15.2366,0.1239,10.57,11.925,19.576,22.236
1259,-0.0897,15.2421,0.12392,10.574,11.929,19.584,22.246
1260,-0.0898,15.2476,0.12394,10.577,11.932,19.592,22.256
1261,-0.0899,15.2531,0.12395,10.581,11.937,19.599,22.264
1262,-0.0901,15.2586,0.12397,10.584,11.94,19.607,22.274
1263,-0.0902,15.2641,0.12399,10.587,11.944,19.615,22.284
1264,-0.0903,15.2696,0.12401,10.59,11.948,19.623,22.293
1265,-0.0904,15.2751,0.12402,10.594,11.952,19.631,22.302
1266,-0.0905,15.2806,0.12404,10.597,11.956,19.638,22.312
1267,-0.0907,15.2861,0.12406,10.601,11.96,19.646,22.322
1268,-0.0908,15.2916,0.12407,10.604,11.964,19.654,22.33
1269,-0.0909,15.2971,0.12409,10.607,11.968,19.662,22.34
1270,-0.091,15.3026,0.12411,10.611,11.972,19.67,22.35
1271,-0.0912,15.3081,0.12412,10.614,11.976,19.677,22.359
1272,-0.0913,15.3135,0.12414,10.618,11.98,19.685,22.368
1273,-0.0914,15.319,0.12416,10.621,11.984,19.693,22.378
1274,-0.0915,15.3245,0.12418,10.624,11.988,19.701,22.387
1275,-0.0916,15.33,0.12419,10.628,11.992,19.709,22.396
1276,-0.0918,15.3355,0.12421,10.631,11.996,19.717,22.406
1277,-0.0919,15.341,0.12423,10.634,11.999,19.725,22.415
1278,-0.092,15.3465,0.12424,10.638,12.004,19.732,22.424
1279,-0.0921,15.352,0.12426,10.641,12.007,19.74,22.434
1280,-0.0922,15.3575,0.12428,10.644,12.011,19.748,22.444
1281,-0.0924,15.363,0.1243,10.648,12.015,19.756,22.453
1282,-0.0925,15.3685,0.12431,10.651,12.019,19.764,22.462
1283,-0.0926,15.374,0.12433,10.655,12.023,19.772,22.472
1284,-0.0927,15.3795,0.12435,10.658,12.027,19.78,22.481
1285,-0.0928,15.385,0.12436,10.661,12.031,19.787,22.49
1286,-0.093,15.3905,0.12438,10.665,12.035,19.795,22.5
1287,-0.0931,15.396,0.1244,10.668,12.039,19.803,22.51
1288,-0.0932,15.4015,0.12442,10.671,12.043,19.811,22.519
1289,-0.0933,15.407,0.12443,10.675,12.047,19.819,22.528
1290,-0.0934,15.4125,0.12445,10.678,12.051,19.826,22.538
1291,-0.0936,15.4179,0.12447,10.681,12.055,19.834,22.547
1292,-0.0937,15.4234,0.12448,10.685,12.059,19.842,22.556
1293,-0.0938,15.4289,0.1245,10.688,12.063,19.85,22.566
1294,-0.0939,15.4344,0.12452,10.691,12.066,19.858,22.576
1295,-0.094,15.4399,0.12454,10.695,12.07,19.866,22.585
1296,-0.0942,15.4454,0.12455,10.698,12.074,19.873,22.594
1297,-0.0943,15.4509,0.12457,10.702,12.078,19.881,22.604
1298,-0.0944,15.4564,0.12459,10.705,12.082,19.889,22.613
1299,-0.0945,15.4619,0.12461,10.708,12.086,19.897,22.623
1300,-0.0946,15.4674,0.12462,10.712,12.09,19.905,22.632
1301,-0.0948,15.4729,0.12464,10.715,12.094,19.913,22.642
1302,-0.0949,15.4784,0.12466,10.718,12.098,19.921,22.651
1303,-0.095,15.4839,0.12467,10.722,12.102,19.928,22.66
1304,-0.0951,15.4894,0.12469,10.725,12.106,19.936,22.67
1305,-0.0952,15.4948,0.12471,10.728,12.11,19.944,22.679
1306,-0.0954,15.5003,0.12473,10.732,12.114,19.952,22.689
1307,-0.0955,15.5058,0.12474,10.735,12.118,19.96,22.698
1308,-0.0956,15.5113,0.12476,10.738,12.121,19.968,22.708
1309,-0.0957,15.5168,0.12478,10.742,12.125,19.976,22.717
1310,-0.0958,15.5223,0.1248,10.745,12.129,19.984,22.727
1311,-0.0959,15.5278,0.12481,10.749,12.133,19.991,22.736
1312,-0.0961,15.5333,0.12483,10.752,12.137,19.999,22.746
1313,-0.0962,15.5388,0.12485,10.755,12.141,20.007,22.755
1314,-0.0963,15.5443,0.12487,10.758,12.145,20.015,22.765
1315,-0.0964,15.5498,0.12488,10.762,12.149,20.023,22.774
1316,-0.0965,15.5552,0.1249,10.765,12.153,20.03,22.784
1317,-0.0967,15.5607,0.12492,10.768,12.157,20.039,22.793
1318,-0.0968,15.5662,0.12494,10.772,12.161,20.046,22.803
1319,-0.0969,15.5717,0.12495,10.775,12.165,20.054,22.812
1320,-0.097,15.5772,0.12497,10.779,12.168,20.062,22.822
1321,-0.0971,15.5827,0.12499,10.782,12.172,20.07,22.831
1322,-0.0972,15.5882,0.12501,10.785,12.176,20.078,22.841
1323,-0.0974,15.5937,0.12502,10.789,12.18,20.086,22.85
1324,-0.0975,15.5992,0.12504,10.792,12.184,20.094,22.86
1325,-0.0976,15.6047,0.12506,10.795,12.188,20.102,22.869
1326,-0.0977,15.6101,0.12508,10.798,12.192,20.109,22.879
1327,-0.0978,15.6156,0.1251,10.802,12.196,20.117,22.888
1328,-0.098,15.6211,0.12511,10.805,12.2,20.125,22.898
1329,-0.0981,15.6266,0.12513,10.808,12.204,20.133,22.907
1330,-0.0982,15.6321,0.12515,10.812,12.208,20.141,22.917
1331,-0.0983,15.6376,0.12517,10.815,12.211,20.149,22.927
1332,-0.0984,15.6431,0.12518,10.819,12.215,20.156,22.935
1333,-0.0985,15.6486,0.1252,10.822,12.219,20.164,22.945
1334,-0.0987,15.654,0.12522,10.825,12.223,20.172,22.955
1335,-0.0988,15.6595,0.12524,10.828,12.227,20.18,22.964
1336,-0.0989,15.665,0.12526,10.832,12.231,20.188,22.974
1337,-0.099,15.6705,0.12527,10.835,12.235,20.196,22.983
1338,-0.0991,15.676,0.12529,10.838,12.239,20.204,22.993
1339,-0.0992,15.6815,0.12531,10.842,12.243,20.212,23.002
1340,-0.0994,15.687,0.12533,10.845,12.247,20.22,23.012
1341,-0.0995,15.6924,0.12534,10.848,12.251,20.227,23.021
1342,-0.0996,15.6979,0.12536,10.852,12.254,20.235,23.031
1343,-0.0997,15.7034,0.12538,10.855,12.258,20.243,23.04
1344,-0.0998,15.7089,0.1254,10.858,12.262,20.251,23.05
1345,-0.0999,15.7144,0.12542,10.861,12.266,20.259,23.06
1346,-0.1001,15.7199,0.12543,10.865,12.27,20.267,23.069
1347,-0.1002,15.7253,0.12545,10.868,12.274,20.275,23.078
1348,-0.1003,15.7308,0.12547,10.871,12.278,20.283,23.088
1349,-0.1004,15.7363,0.12549,10.875,12.282,20.291,23.098
1350,-0.1005,15.7418,0.12551,10.878,12.285,20.299,23.108
1351,-0.1006,15.7473,0.12552,10.882,12.29,20.306,23.117
1352,-0.1008,15.7528,0.12554,10.885,12.293,20.314,23.126
1353,-0.1009,15.7582,0.12556,10.888,12.297,20.322,23.136
1354,-0.101,15.7637,0.12558,10.891,12.301,20.33,23.146
1355,-0.1011,15.7692,0.1256,10.895,12.305,20.338,23.155
1356,-0.1012,15.7747,0.12561,10.898,12.309,20.346,23.164
1357,-0.1013,15.7802,0.12563,10.901,12.313,20.354,23.174
1358,-0.1015,15.7856,0.12565,10.905,12.317,20.362,23.184
1359,-0.1016,15.7911,0.12567,10.908,12.32,20.37,23.193
1360,-0.1017,15.7966,0.12569,10.911,12.324,20.378,23.203
1361,-0.1018,15.8021,0.1257,10.915,12.328,20.385,23.212
1362,-0.1019,15.8076,0.12572,10.918,12.332,20.393,23.222
1363,-0.102,15.813,0.12574,10.921,12.336,20.401,23.231
1364,-0.1022,15.8185,0.12576,10.924,12.34,20.409,23.241
1365,-0.1023,15.824,0.12578,10.928,12.344,20.417,23.251
1366,-0.1024,15.8295,0.1258,10.931,12.348,20.425,23.261
1367,-0.1025,15.835,0.12581,10.934,12.352,20.433,23.27
1368,-0.1026,15.8404,0.12583,10.938,12.355,20.441,23.279
1369,-0.1027,15.8459,0.12585,10.941,12.359,20.449,23.289
1370,-0.1028,15.8514,0.12587,10.944,12.363,20.457,23.299
1371,-0.103,15.8569,0.12589,10.947,12.367,20.465,23.308
1372,-0.1031,15.8623,0.12591,10.95,12.371,20.473,23.318
1373,-0.1032,15.8678,0.12592,10.954,12.375,20.48,23.327
1374,-0.1033,15.8733,0.12594,10.957,12.379,20.488,23.337
1375,-0.1034,15.8788,0.12596,10.961,12.383,20.496,23.346
1376,-0.1035,15.8842,0.12598,10.964,12.386,20.504,23.356
1377,-0.1037,15.8897,0.126,10.967,12.39,20.512,23.366
1378,-0.1038,15.8952,0.12602,10.97,12.394,20.52,23.376
1379,-0.1039,15.9007,0.12603,10.974,12.398,20.528,23.385
1380,-0.104,15.9061,0.12605,10.977,12.402,20.536,23.394
1381,-0.1041,15.9116,0.12607,10.98,12.406,20.544,23.404
1382,-0.1042,15.9171,0.12609,10.983,12.41,20.552,23.414
1383,-0.1043,15.9226,0.12611,10.987,12.413,20.56,23.423
1384,-0.1045,15.928,0.12613,10.99,12.417,20.568,23.433
1385,-0.1046,15.9335,0.12615,10.993,12.421,20.576,23.443
1386,-0.1047,15.939,0.12616,10.997,12.425,20.583,23.452
1387,-0.1048,15.9445,0.12618,11,12.429,20.591,23.462
1388,-0.1049,15.9499,0.1262,11.003,12.433,20.599,23.471
1389,-0.105,15.9554,0.12622,11.006,12.437,20.607,23.481
1390,-0.1051,15.9609,0.12624,11.01,12.44,20.615,23.491
1391,-0.1053,15.9664,0.12626,11.013,12.444,20.623,23.501
1392,-0.1054,15.9718,0.12627,11.016,12.448,20.631,23.509
1393,-0.1055,15.9773,0.12629,11.02,12.452,20.639,23.519
1394,-0.1056,15.9828,0.12631,11.023,12.456,20.647,23.529
1395,-0.1057,15.9882,0.12633,11.026,12.46,20.655,23.539
1396,-0.1058,15.9937,0.12635,11.029,12.464,20.663,23.548
1397,-0.1059,15.9992,0.12637,11.032,12.467,20.671,23.558
1398,-0.1061,16.0047,0.12639,11.036,12.471,20.679,23.568
1399,-0.1062,16.0101,0.12641,11.039,12.475,20.687,23.578
1400,-0.1063,16.0156,0.12642,11.042,12.479,20.694,23.587
1401,-0.1064,16.0211,0.12644,11.046,12.483,20.702,23.596
1402,-0.1065,16.0265,0.12646,11.049,12.487,20.71,23.606
1403,-0.1066,16.032,0.12648,11.052,12.491,20.718,23.616
1404,-0.1067,16.0375,0.1265,11.055,12.494,20.726,23.626
1405,-0.1068,16.043,0.12652,11.059,12.498,20.734,23.635
1406,-0.107,16.0484,0.12654,11.062,12.502,20.742,23.645
1407,-0.1071,16.0539,0.12656,11.065,12.506,20.75,23.655
1408,-0.1072,16.0594,0.12657,11.069,12.51,20.758,23.664
1409,-0.1073,16.0648,0.12659,11.072,12.514,20.766,23.673
1410,-0.1074,16.0703,0.12661,11.075,12.518,20.774,23.683
1411,-0.1075,16.0758,0.12663,11.078,12.521,20.782,23.693
1412,-0.1076,16.0812,0.12665,11.081,12.525,20.79,23.703
1413,-0.1078,16.0867,0.12667,11.085,12.529,20.798,23.713
1414,-0.1079,16.0922,0.12669,11.088,12.533,20.806,23.722
1415,-0.108,16.0976,0.12671,11.091,12.537,20.814,23.732
1416,-0.1081,16.1031,0.12673,11.094,12.54,20.822,23.742
1417,-0.1082,16.1086,0.12674,11.098,12.545,20.83,23.751
1418,-0.1083,16.114,0.12676,11.101,12.548,20.837,23.76
1419,-0.1084,16.1195,0.12678,11.104,12.552,20.846,23.77
1420,-0.1085,16.125,0.1268,11.107,12.556,20.854,23.78
1421,-0.1087,16.1304,0.12682,11.111,12.56,20.862,23.79
1422,-0.1088,16.1359,0.12684,11.114,12.564,20.87,23.8
1423,-0.1089,16.1414,0.12686,11.117,12.567,20.878,23.809
1424,-0.109,16.1468,0.12688,11.12,12.571,20.886,23.819
1425,-0.1091,16.1523,0.1269,11.123,12.575,20.894,23.829
1426,-0.1092,16.1578,0.12692,11.127,12.579,20.902,23.839
1427,-0.1093,16.1632,0.12693,11.13,12.583,20.909,23.847
1428,-0.1094,16.1687,0.12695,11.133,12.587,20.917,23.857
1429,-0.1096,16.1742,0.12697,11.137,12.591,20.925,23.867
1430,-0.1097,16.1796,0.12699,11.14,12.594,20.933,23.877
1431,-0.1098,16.1851,0.12701,11.143,12.598,20.941,23.887
1432,-0.1099,16.1906,0.12703,11.146,12.602,20.949,23.896
1433,-0.11,16.196,0.12705,11.149,12.606,20.957,23.906
1434,-0.1101,16.2015,0.12707,11.153,12.61,20.965,23.916
1435,-0.1102,16.2069,0.12709,11.156,12.613,20.973,23.926
1436,-0.1103,16.2124,0.12711,11.159,12.617,20.981,23.935
1437,-0.1105,16.2179,0.12713,11.162,12.621,20.989,23.945
1438,-0.1106,16.2233,0.12715,11.165,12.625,20.997,23.955
1439,-0.1107,16.2288,0.12717,11.169,12.629,21.005,23.965
1440,-0.1108,16.2343,0.12718,11.172,12.633,21.013,23.974
1441,-0.1109,16.2397,0.1272,11.175,12.636,21.021,23.984
1442,-0.111,16.2452,0.12722,11.179,12.64,21.029,23.993
1443,-0.1111,16.2506,0.12724,11.182,12.644,21.037,24.003
1444,-0.1112,16.2561,0.12726,11.185,12.648,21.045,24.013
1445,-0.1113,16.2616,0.12728,11.188,12.652,21.053,24.023
1446,-0.1115,16.267,0.1273,11.191,12.655,21.061,24.033
1447,-0.1116,16.2725,0.12732,11.195,12.659,21.069,24.042
1448,-0.1117,16.2779,0.12734,11.198,12.663,21.077,24.052
1449,-0.1118,16.2834,0.12736,11.201,12.667,21.085,24.062
1450,-0.1119,16.2889,0.12738,11.204,12.671,21.093,24.072
1451,-0.112,16.2943,0.1274,11.207,12.674,21.101,24.081
1452,-0.1121,16.2998,0.12742,11.211,12.678,21.109,24.091
1453,-0.1122,16.3053,0.12744,11.214,12.682,21.117,24.101
1454,-0.1123,16.3107,0.12746,11.217,12.686,21.125,24.111
1455,-0.1125,16.3162,0.12747,11.221,12.69,21.133,24.12
1456,-0.1126,16.3216,0.12749,11.224,12.694,21.141,24.13
1457,-0.1127,16.3271,0.12751,11.227,12.697,21.149,24.139
1458,-0.1128,16.3325,0.12753,11.23,12.701,21.157,24.149
1459,-0.1129,16.338,0.12755,11.233,12.705,21.165,24.159
1460,-0.113,16.3435,0.12757,11.236,12.709,21.173,24.169
1461,-0.1131,16.3489,0.12759,11.24,12.713,21.181,24.178
1462,-0.1132,16.3544,0.12761,11.243,12.716,21.189,24.188
1463,-0.1133,16.3598,0.12763,11.246,12.72,21.197,24.198
1464,-0.1134,16.3653,0.12765,11.249,12.724,21.205,24.208
1465,-0.1136,16.3708,0.12767,11.252,12.728,21.213,24.218
1466,-0.1137,16.3762,0.12769,11.256,12.732,21.221,24.228
1467,-0.1138,16.3817,0.12771,11.259,12.735,21.229,24.237
1468,-0.1139,16.3871,0.12773,11.262,12.739,21.237,24.247
1469,-0.114,16.3926,0.12775,11.265,12.743,21.245,24.257
1470,-0.1141,16.3981,0.12777,11.268,12.747,21.253,24.267
1471,-0.1142,16.4035,0.12779,11.272,12.751,21.261,24.277
1472,-0.1143,16.409,0.12781,11.275,12.754,21.269,24.286
1473,-0.1144,16.4144,0.12783,11.278,12.758,21.277,24.296
1474,-0.1146,16.4199,0.12785,11.281,12.762,21.285,24.306
1475,-0.1147,16.4253,0.12787,11.284,12.766,21.293,24.316
1476,-0.1148,16.4308,0.12789,11.288,12.77,21.301,24.326
1477,-0.1149,16.4363,0.12791,11.291,12.773,21.309,24.336
1478,-0.115,16.4417,0.12793,11.294,12.777,21.317,24.345
1479,-0.1151,16.4472,0.12795,11.297,12.781,21.325,24.355
1480,-0.1152,16.4526,0.12797,11.3,12.785,21.333,24.365
1481,-0.1153,16.4581,0.12799,11.303,12.788,21.341,24.375
1482,-0.1154,16.4635,0.12801,11.307,12.792,21.349,24.384
1483,-0.1155,16.469,0.12803,11.31,12.796,21.357,24.394
1484,-0.1156,16.4745,0.12804,11.313,12.8,21.365,24.403
1485,-0.1158,16.4799,0.12806,11.317,12.804,21.373,24.413
1486,-0.1159,16.4854,0.12808,11.32,12.808,21.381,24.423
1487,-0.116,16.4908,0.1281,11.323,12.811,21.389,24.433
1488,-0.1161,16.4963,0.12812,11.326,12.815,21.397,24.443
1489,-0.1162,16.5017,0.12814,11.329,12.819,21.405,24.453
1490,-0.1163,16.5072,0.12816,11.332,12.823,21.413,24.462
1491,-0.1164,16.5126,0.12818,11.336,12.827,21.421,24.472
1492,-0.1165,16.5181,0.1282,11.339,12.83,21.429,24.482
1493,-0.1166,16.5236,0.12822,11.342,12.834,21.438,24.492
1494,-0.1167,16.529,0.12824,11.345,12.838,21.445,24.502
1495,-0.1168,16.5345,0.12826,11.348,12.842,21.454,24.512
1496,-0.117,16.5399,0.12828,11.351,12.845,21.462,24.521
1497,-0.1171,16.5454,0.1283,11.355,12.849,21.47,24.531
1498,-0.1172,16.5508,0.12832,11.358,12.853,21.478,24.541
1499,-0.1173,16.5563,0.12834,11.361,12.857,21.486,24.551
1500,-0.1174,16.5618,0.12836,11.364,12.861,21.494,24.561
1501,-0.1175,16.5672,0.12838,11.367,12.864,21.502,24.571
1502,-0.1176,16.5727,0.1284,11.371,12.868,21.51,24.581
1503,-0.1177,16.5781,0.12842,11.374,12.872,21.518,24.59
1504,-0.1178,16.5836,0.12844,11.377,12.876,21.526,24.6
1505,-0.1179,16.589,0.12846,11.38,12.879,21.534,24.61
1506,-0.118,16.5945,0.12848,11.383,12.883,21.542,24.62
1507,-0.1182,16.5999,0.1285,11.386,12.887,21.55,24.63
1508,-0.1183,16.6054,0.12852,11.39,12.891,21.558,24.64
1509,-0.1184,16.6109,0.12854,11.393,12.895,21.566,24.65
1510,-0.1185,16.6163,0.12856,11.396,12.898,21.574,24.659
1511,-0.1186,16.6218,0.12858,11.399,12.902,21.582,24.669
1512,-0.1187,16.6272,0.1286,11.402,12.906,21.59,24.679
1513,-0.1188,16.6327,0.12863,11.405,12.91,21.599,24.69
1514,-0.1189,16.6381,0.12865,11.408,12.913,21.607,24.699
1515,-0.119,16.6436,0.12867,11.411,12.917,21.615,24.709
1516,-0.1191,16.649,0.12869,11.415,12.921,21.623,24.719
1517,-0.1192,16.6545,0.12871,11.418,12.925,21.631,24.729
1518,-0.1193,16.6599,0.12873,11.421,12.928,21.639,24.739
1519,-0.1195,16.6654,0.12875,11.424,12.932,21.647,24.749
1520,-0.1196,16.6709,0.12877,11.427,12.936,21.655,24.759
1521,-0.1197,16.6763,0.12879,11.431,12.94,21.663,24.769
1522,-0.1198,16.6818,0.12881,11.434,12.944,21.671,24.779
1523,-0.1199,16.6872,0.12883,11.437,12.947,21.679,24.788
1524,-0.12,16.6927,0.12885,11.44,12.951,21.688,24.798
1525,-0.1201,16.6981,0.12887,11.443,12.955,21.696,24.808
1526,-0.1202,16.7036,0.12889,11.446,12.959,21.704,24.818
1527,-0.1203,16.709,0.12891,11.449,12.962,21.712,24.828
1528,-0.1204,16.7145,0.12893,11.453,12.966,21.72,24.838
1529,-0.1205,16.72,0.12895,11.456,12.97,21.728,24.848
1530,-0.1206,16.7254,0.12897,11.459,12.974,21.736,24.857
1531,-0.1207,16.7309,0.12899,11.462,12.977,21.744,24.867
1532,-0.1208,16.7363,0.12901,11.465,12.981,21.752,24.877
1533,-0.121,16.7418,0.12903,11.469,12.985,21.76,24.887
1534,-0.1211,16.7472,0.12905,11.472,12.989,21.768,24.897
1535,-0.1212,16.7527,0.12907,11.475,12.993,21.776,24.907
1536,-0.1213,16.7581,0.12909,11.478,12.996,21.784,24.917
1537,-0.1214,16.7636,0.12911,11.481,13,21.792,24.927
1538,-0.1215,16.769,0.12913,11.484,13.004,21.8,24.937
1539,-0.1216,16.7745,0.12915,11.488,13.008,21.809,24.947
1540,-0.1217,16.78,0.12917,11.491,13.011,21.817,24.956
1541,-0.1218,16.7854,0.12919,11.494,13.015,21.825,24.966
1542,-0.1219,16.7909,0.12921,11.497,13.019,21.833,24.976
1543,-0.122,16.7963,0.12923,11.5,13.023,21.841,24.986
1544,-0.1221,16.8018,0.12925,11.503,13.026,21.849,24.996
1545,-0.1222,16.8072,0.12928,11.506,13.03,21.857,25.007
1546,-0.1223,16.8127,0.1293,11.509,13.034,21.866,25.017
1547,-0.1225,16.8181,0.12932,11.512,13.037,21.874,25.027
1548,-0.1226,16.8236,0.12934,11.516,13.041,21.882,25.037
1549,-0.1227,16.829,0.12936,11.519,13.045,21.89,25.046
1550,-0.1228,16.8345,0.12938,11.522,13.049,21.898,25.056
1551,-0.1229,16.84,0.1294,11.525,13.053,21.906,25.066
1552,-0.123,16.8454,0.12942,11.528,13.056,21.914,25.076
1553,-0.1231,16.8509,0.12944,11.531,13.06,21.922,25.086
1554,-0.1232,16.8563,0.12946,11.535,13.064,21.93,25.096
1555,-0.1233,16.8618,0.12948,11.538,13.068,21.938,25.106
1556,-0.1234,16.8672,0.1295,11.541,13.071,21.946,25.116
1557,-0.1235,16.8727,0.12952,11.544,13.075,21.954,25.126
1558,-0.1236,16.8781,0.12954,11.547,13.079,21.962,25.135
1559,-0.1237,16.8836,0.12956,11.55,13.083,21.971,25.145
1560,-0.1238,16.8891,0.12958,11.554,13.086,21.979,25.155
1561,-0.1239,16.8945,0.1296,11.557,13.09,21.987,25.165
1562,-0.124,16.9,0.12962,11.56,13.094,21.995,25.175
1563,-0.1242,16.9054,0.12965,11.563,13.097,22.003,25.186
1564,-0.1243,16.9109,0.12967,11.566,13.101,22.012,25.196
1565,-0.1244,16.9163,0.12969,11.569,13.105,22.02,25.206
1566,-0.1245,16.9218,0.12971,11.572,13.109,22.028,25.216
1567,-0.1246,16.9272,0.12973,11.575,13.113,22.036,25.226
1568,-0.1247,16.9327,0.12975,11.578,13.116,22.044,25.236
1569,-0.1248,16.9382,0.12977,11.582,13.12,22.052,25.246
1570,-0.1249,16.9436,0.12979,11.585,13.124,22.06,25.256
1571,-0.125,16.9491,0.12981,11.588,13.128,22.068,25.266
1572,-0.1251,16.9545,0.12983,11.591,13.131,22.076,25.275
1573,-0.1252,16.96,0.12985,11.594,13.135,22.084,25.285
1574,-0.1253,16.9654,0.12987,11.597,13.139,22.092,25.295
1575,-0.1254,16.9709,0.12989,11.601,13.143,22.101,25.305
1576,-0.1255,16.9763,0.12991,11.604,13.146,22.109,25.315
1577,-0.1256,16.9818,0.12993,11.607,13.15,22.117,25.325
1578,-0.1257,16.9873,0.12996,11.61,13.154,22.125,25.336
1579,-0.1258,16.9927,0.12998,11.613,13.157,22.133,25.346
1580,-0.1259,16.9982,0.13,11.616,13.161,22.142,25.356
1581,-0.126,17.0036,0.13002,11.619,13.165,22.15,25.366
1582,-0.1262,17.0091,0.13004,11.622,13.169,22.158,25.376
1583,-0.1263,17.0145,0.13006,11.625,13.172,22.166,25.386
1584,-0.1264,17.02,0.13008,11.629,13.176,22.174,25.396
1585,-0.1265,17.0255,0.1301,11.632,13.18,22.182,25.406
1586,-0.1266,17.0309,0.13012,11.635,13.184,22.19,25.416
1587,-0.1267,17.0364,0.13014,11.638,13.188,22.198,25.426
1588,-0.1268,17.0418,0.13016,11.641,13.191,22.206,25.436
1589,-0.1269,17.0473,0.13018,11.644,13.195,22.215,25.446
1590,-0.127,17.0527,0.1302,11.647,13.199,22.223,25.455
1591,-0.1271,17.0582,0.13023,11.65,13.202,22.231,25.466
1592,-0.1272,17.0636,0.13025,11.653,13.206,22.239,25.476
1593,-0.1273,17.0691,0.13027,11.657,13.21,22.247,25.486
1594,-0.1274,17.0746,0.13029,11.66,13.214,22.256,25.496
1595,-0.1275,17.08,0.13031,11.663,13.217,22.264,25.506
1596,-0.1276,17.0855,0.13033,11.666,13.221,22.272,25.516
1597,-0.1277,17.0909,0.13035,11.669,13.225,22.28,25.526
1598,-0.1278,17.0964,0.13037,11.672,13.229,22.288,25.536
1599,-0.1279,17.1018,0.13039,11.675,13.232,22.296,25.546
1600,-0.128,17.1073,0.13041,11.679,13.236,22.304,25.556
1601,-0.1281,17.1127,0.13043,11.682,13.24,22.312,25.566
1602,-0.1282,17.1182,0.13045,11.685,13.244,22.32,25.576
1603,-0.1283,17.1237,0.13047,11.688,13.247,22.329,25.586
1604,-0.1285,17.1291,0.1305,11.691,13.251,22.337,25.597
1605,-0.1286,17.1346,0.13052,11.694,13.255,22.345,25.607
1606,-0.1287,17.14,0.13054,11.697,13.258,22.353,25.617
1607,-0.1288,17.1455,0.13056,11.7,13.262,22.362,25.627
1608,-0.1289,17.1509,0.13058,11.703,13.266,22.37,25.637
1609,-0.129,17.1564,0.1306,11.707,13.27,22.378,25.647
1610,-0.1291,17.1618,0.13062,11.71,13.273,22.386,25.657
1611,-0.1292,17.1673,0.13064,11.713,13.277,22.394,25.667
1612,-0.1293,17.1728,0.13066,11.716,13.281,22.402,25.677
1613,-0.1294,17.1782,0.13068,11.719,13.285,22.41,25.687
1614,-0.1295,17.1837,0.1307,11.722,13.288,22.419,25.697
1615,-0.1296,17.1891,0.13073,11.725,13.292,22.427,25.708
1616,-0.1297,17.1946,0.13075,11.728,13.296,22.435,25.718
1617,-0.1298,17.2,0.13077,11.731,13.299,22.443,25.728
1618,-0.1299,17.2055,0.13079,11.734,13.303,22.451,25.738
1619,-0.13,17.2109,0.13081,11.738,13.307,22.46,25.747
1620,-0.1301,17.2164,0.13083,11.741,13.311,22.468,25.758
1621,-0.1302,17.2218,0.13085,11.744,13.314,22.476,25.767
1622,-0.1303,17.2273,0.13087,11.747,13.318,22.484,25.778
1623,-0.1304,17.2328,0.13089,11.75,13.322,22.492,25.788
1624,-0.1305,17.2382,0.13091,11.753,13.326,22.5,25.798
1625,-0.1306,17.2437,0.13093,11.756,13.329,22.508,25.808
1626,-0.1307,17.2491,0.13096,11.759,13.333,22.517,25.818
1627,-0.1308,17.2546,0.13098,11.762,13.337,22.525,25.828
1628,-0.1309,17.26,0.131,11.765,13.34,22.533,25.838
1629,-0.131,17.2655,0.13102,11.769,13.344,22.541,25.848
1630,-0.1311,17.2709,0.13104,11.772,13.348,22.549,25.858
1631,-0.1312,17.2764,0.13106,11.775,13.351,22.558,25.868
1632,-0.1314,17.2818,0.13108,11.778,13.355,22.566,25.879
1633,-0.1315,17.2873,0.1311,11.781,13.359,22.574,25.889
1634,-0.1316,17.2927,0.13112,11.784,13.363,22.582,25.899
1635,-0.1317,17.2982,0.13114,11.787,13.366,22.59,25.909
1636,-0.1318,17.3037,0.13117,11.79,13.37,22.599,25.92
1637,-0.1319,17.3091,0.13119,11.793,13.374,22.607,25.93
1638,-0.132,17.3146,0.13121,11.797,13.377,22.615,25.94
1639,-0.1321,17.32,0.13123,11.8,13.381,22.623,25.95
1640,-0.1322,17.3255,0.13125,11.803,13.385,22.631,25.96
1641,-0.1323,17.3309,0.13127,11.806,13.389,22.64,25.97
1642,-0.1324,17.3364,0.13129,11.809,13.392,22.648,25.98
1643,-0.1325,17.3418,0.13131,11.812,13.396,22.656,25.99
1644,-0.1326,17.3473,0.13133,11.815,13.4,22.664,26
1645,-0.1327,17.3527,0.13135,11.818,13.404,22.672,26.01
1646,-0.1328,17.3582,0.13137,11.822,13.407,22.68,26.02
1647,-0.1329,17.3636,0.1314,11.824,13.411,22.689,26.031
1648,-0.133,17.3691,0.13142,11.827,13.415,22.697,26.041
1649,-0.1331,17.3745,0.13144,11.831,13.418,22.705,26.051
1650,-0.1332,17.38,0.13146,11.834,13.422,22.713,26.061
1651,-0.1333,17.3854,0.13148,11.837,13.426,22.721,26.071
1652,-0.1334,17.3909,0.1315,11.84,13.43,22.73,26.081
1653,-0.1335,17.3963,0.13152,11.843,13.433,22.738,26.091
1654,-0.1336,17.4018,0.13154,11.846,13.437,22.746,26.101
1655,-0.1337,17.4072,0.13156,11.849,13.441,22.754,26.111
1656,-0.1338,17.4127,0.13159,11.852,13.444,22.763,26.122
1657,-0.1339,17.4181,0.13161,11.855,13.448,22.771,26.132
1658,-0.134,17.4236,0.13163,11.858,13.452,22.779,26.142
1659,-0.1341,17.429,0.13165,11.861,13.455,22.787,26.152
1660,-0.1342,17.4345,0.13167,11.865,13.459,22.795,26.162
1661,-0.1343,17.4399,0.13169,11.868,13.463,22.803,26.172
1662,-0.1344,17.4454,0.13171,11.871,13.467,22.812,26.182
1663,-0.1345,17.4508,0.13173,11.874,13.47,22.82,26.192
1664,-0.1346,17.4563,0.13175,11.877,13.474,22.828,26.202
1665,-0.1347,17.4617,0.13177,11.88,13.478,22.836,26.212
1666,-0.1348,17.4672,0.1318,11.883,13.481,22.845,26.223
1667,-0.1349,17.4726,0.13182,11.886,13.485,22.853,26.233
1668,-0.135,17.4781,0.13184,11.889,13.489,22.861,26.244
1669,-0.1351,17.4835,0.13186,11.892,13.492,22.869,26.254
1670,-0.1352,17.489,0.13188,11.895,13.496,22.877,26.264
1671,-0.1353,17.4944,0.1319,11.898,13.5,22.886,26.274
1672,-0.1354,17.4999,0.13192,11.902,13.504,22.894,26.284
1673,-0.1355,17.5053,0.13194,11.905,13.507,22.902,26.294
1674,-0.1356,17.5107,0.13196,11.908,13.511,22.91,26.304
1675,-0.1357,17.5162,0.13199,11.911,13.515,22.919,26.315
1676,-0.1358,17.5216,0.13201,11.914,13.518,22.927,26.325
1677,-0.1359,17.5271,0.13203,11.917,13.522,22.935,26.335
1678,-0.136,17.5325,0.13205,11.92,13.526,22.943,26.345
1679,-0.1361,17.538,0.13207,11.923,13.529,22.951,26.355
1680,-0.1362,17.5434,0.13209,11.926,13.533,22.959,26.365
1681,-0.1363,17.5489,0.13211,11.929,13.537,22.968,26.375
1682,-0.1364,17.5543,0.13213,11.932,13.541,22.976,26.385
1683,-0.1365,17.5598,0.13215,11.936,13.544,22.984,26.395
1684,-0.1366,17.5652,0.13218,11.938,13.548,22.993,26.406
1685,-0.1367,17.5706,0.1322,11.941,13.551,23.001,26.416
1686,-0.1368,17.5761,0.13222,11.944,13.555,23.009,26.427
1687,-0.1369,17.5815,0.13224,11.948,13.559,23.017,26.437
1688,-0.137,17.587,0.13226,11.951,13.563,23.025,26.447
1689,-0.1371,17.5924,0.13228,11.954,13.566,23.033,26.457
1690,-0.1373,17.5979,0.1323,11.957,13.57,23.042,26.467
1691,-0.1374,17.6033,0.13232,11.96,13.574,23.05,26.477
1692,-0.1375,17.6087,0.13234,11.963,13.578,23.058,26.487
1693,-0.1376,17.6142,0.13237,11.966,13.581,23.067,26.498
1694,-0.1377,17.6196,0.13239,11.969,13.585,23.075,26.508
1695,-0.1378,17.6251,0.13241,11.972,13.588,23.083,26.518
1696,-0.1379,17.6305,0.13243,11.975,13.592,23.091,26.528
1697,-0.138,17.636,0.13245,11.978,13.596,23.099,26.539
1698,-0.1381,17.6414,0.13247,11.981,13.6,23.107,26.549
1699,-0.1382,17.6468,0.13249,11.985,13.603,23.116,26.559
1700,-0.1383,17.6523,0.13251,11.988,13.607,23.124,26.569
1701,-0.1384,17.6577,0.13253,11.991,13.611,23.132,26.579
1702,-0.1385,17.6632,0.13256,11.994,13.614,23.141,26.59
1703,-0.1386,17.6686,0.13258,11.997,13.618,23.149,26.6
1704,-0.1387,17.674,0.1326,12,13.622,23.157,26.61
1705,-0.1388,17.6795,0.13262,12.003,13.625,23.165,26.62
1706,-0.1389,17.6849,0.13264,12.006,13.629,23.173,26.63
1707,-0.139,17.6904,0.13266,12.009,13.633,23.182,26.641
1708,-0.1391,17.6958,0.13268,12.012,13.636,23.19,26.651
1709,-0.1392,17.7012,0.1327,12.015,13.64,23.198,26.661
1710,-0.1393,17.7067,0.13272,12.018,13.644,23.206,26.671
1711,-0.1394,17.7121,0.13275,12.021,13.647,23.215,26.682
1712,-0.1395,17.7175,0.13277,12.024,13.651,23.223,26.692
1713,-0.1396,17.723,0.13279,12.027,13.655,23.231,26.702
1714,-0.1397,17.7284,0.13281,12.03,13.658,23.239,26.712
1715,-0.1398,17.7339,0.13283,12.033,13.662,23.247,26.722
1716,-0.1399,17.7393,0.13285,12.037,13.666,23.256,26.732
1717,-0.14,17.7447,0.13287,12.04,13.67,23.264,26.742
1718,-0.1401,17.7502,0.13289,12.043,13.673,23.272,26.753
1719,-0.1402,17.7556,0.13291,12.046,13.677,23.28,26.763
1720,-0.1403,17.761,0.13294,12.049,13.68,23.289,26.774
1721,-0.1404,17.7665,0.13296,12.052,13.684,23.297,26.784
1722,-0.1404,17.7719,0.13298,12.055,13.688,23.305,26.794
1723,-0.1405,17.7773,0.133,12.058,13.691,23.313,26.804
1724,-0.1406,17.7828,0.13302,12.061,13.695,23.321,26.814
1725,-0.1407,17.7882,0.13304,12.064,13.699,23.33,26.824
1726,-0.1408,17.7936,0.13306,12.067,13.703,23.338,26.834
1727,-0.1409,17.7991,0.13308,12.07,13.706,23.346,26.844
1728,-0.141,17.8045,0.1331,12.073,13.71,23.354,26.854
1729,-0.1411,17.8099,0.13313,12.076,13.713,23.363,26.865
1730,-0.1412,17.8154,0.13315,12.079,13.717,23.371,26.876
1731,-0.1413,17.8208,0.13317,12.082,13.721,23.379,26.886
1732,-0.1414,17.8262,0.13319,12.085,13.725,23.387,26.896
1733,-0.1415,17.8317,0.13321,12.088,13.728,23.396,26.906
1734,-0.1416,17.8371,0.13323,12.091,13.732,23.404,26.916
1735,-0.1417,17.8425,0.13325,12.094,13.736,23.412,26.926
1736,-0.1418,17.848,0.13327,12.098,13.739,23.42,26.936
1737,-0.1419,17.8534,0.13329,12.101,13.743,23.428,26.947
1738,-0.142,17.8588,0.13332,12.103,13.746,23.437,26.958
1739,-0.1421,17.8642,0.13334,12.106,13.75,23.445,26.968
1740,-0.1422,17.8697,0.13336,12.11,13.754,23.453,26.978
1741,-0.1423,17.8751,0.13338,12.113,13.758,23.462,26.988
1742,-0.1424,17.8805,0.1334,12.116,13.761,23.47,26.998
1743,-0.1425,17.886,0.13342,12.119,13.765,23.478,27.008
1744,-0.1426,17.8914,0.13344,12.122,13.769,23.486,27.018
1745,-0.1427,17.8968,0.13346,12.125,13.772,23.494,27.029
1746,-0.1428,17.9022,0.13348,12.128,13.776,23.502,27.039
1747,-0.1429,17.9077,0.13351,12.131,13.779,23.511,27.05
1748,-0.143,17.9131,0.13353,12.134,13.783,23.519,27.06
1749,-0.1431,17.9185,0.13355,12.137,13.787,23.528,27.07
1750,-0.1432,17.924,0.13357,12.14,13.791,23.536,27.08
1751,-0.1433,17.9294,0.13359,12.143,13.794,23.544,27.09
1752,-0.1434,17.9348,0.13361,12.146,13.798,23.552,27.101
1753,-0.1435,17.9402,0.13363,12.149,13.802,23.56,27.111
1754,-0.1436,17.9457,0.13365,12.152,13.805,23.569,27.121
1755,-0.1437,17.9511,0.13367,12.155,13.809,23.577,27.131
1756,-0.1438,17.9565,0.1337,12.158,13.812,23.585,27.142
1757,-0.1439,17.9619,0.13372,12.161,13.816,23.594,27.152
1758,-0.144,17.9674,0.13374,12.164,13.82,23.602,27.162
1759,-0.1441,17.9728,0.13376,12.167,13.823,23.61,27.173
1760,-0.1442,17.9782,0.13378,12.17,13.827,23.618,27.183
1761,-0.1443,17.9836,0.1338,12.173,13.831,23.626,27.193
1762,-0.1444,17.989,0.13382,12.176,13.834,23.635,27.203
1763,-0.1445,17.9945,0.13384,12.18,13.838,23.643,27.213
1764,-0.1446,17.9999,0.13386,12.183,13.842,23.651,27.223
1765,-0.1447,18.0053,0.13389,12.185,13.845,23.66,27.234
1766,-0.1448,18.0107,0.13391,12.188,13.849,23.668,27.245
1767,-0.1449,18.0162,0.13393,12.192,13.853,23.676,27.255
1768,-0.145,18.0216,0.13395,12.195,13.856,23.684,27.265
1769,-0.1451,18.027,0.13397,12.198,13.86,23.692,27.275
1770,-0.1452,18.0324,0.13399,12.201,13.864,23.701,27.285
1771,-0.1453,18.0378,0.13401,12.204,13.867,23.709,27.295
1772,-0.1454,18.0432,0.13403,12.207,13.871,23.717,27.306
1773,-0.1455,18.0487,0.13405,12.21,13.875,23.725,27.316
1774,-0.1456,18.0541,0.13408,12.213,13.878,23.734,27.327
1775,-0.1457,18.0595,0.1341,12.216,13.882,23.742,27.337
1776,-0.1458,18.0649,0.13412,12.219,13.885,23.75,27.347
1777,-0.1459,18.0703,0.13414,12.222,13.889,23.759,27.357
1778,-0.146,18.0758,0.13416,12.225,13.893,23.767,27.368
1779,-0.1461,18.0812,0.13418,12.228,13.897,23.775,27.378
1780,-0.1462,18.0866,0.1342,12.231,13.9,23.783,27.388
1781,-0.1462,18.092,0.13422,12.234,13.904,23.791,27.398
1782,-0.1463,18.0974,0.13424,12.237,13.907,23.799,27.408
1783,-0.1464,18.1028,0.13426,12.24,13.911,23.808,27.418
1784,-0.1465,18.1082,0.13429,12.243,13.915,23.816,27.429
1785,-0.1466,18.1137,0.13431,12.246,13.918,23.825,27.44
1786,-0.1467,18.1191,0.13433,12.249,13.922,23.833,27.45
1787,-0.1468,18.1245,0.13435,12.252,13.926,23.841,27.46
1788,-0.1469,18.1299,0.13437,12.255,13.929,23.849,27.47
1789,-0.147,18.1353,0.13439,12.258,13.933,23.857,27.48
1790,-0.1471,18.1407,0.13441,12.261,13.937,23.866,27.491
1791,-0.1472,18.1461,0.13443,12.264,13.94,23.874,27.501
1792,-0.1473,18.1515,0.13445,12.267,13.944,23.882,27.511
1793,-0.1474,18.157,0.13448,12.27,13.947,23.891,27.522
1794,-0.1475,18.1624,0.1345,12.273,13.951,23.899,27.532
1795,-0.1476,18.1678,0.13452,12.276,13.955,23.907,27.542
1796,-0.1477,18.1732,0.13454,12.279,13.958,23.915,27.553
1797,-0.1478,18.1786,0.13456,12.282,13.962,23.924,27.563
1798,-0.1479,18.184,0.13458,12.285,13.966,23.932,27.573
1799,-0.148,18.1894,0.1346,12.288,13.969,23.94,27.583
1800,-0.1481,18.1948,0.13462,12.291,13.973,23.948,27.593
1801,-0.1482,18.2002,0.13464,12.294,13.977,23.956,27.604
1802,-0.1483,18.2056,0.13466,12.297,13.98,23.965,27.614
1803,-0.1484,18.211,0.13469,12.3,13.984,23.973,27.625
1804,-0.1485,18.2164,0.13471,12.303,13.987,23.981,27.635
1805,-0.1486,18.2218,0.13473,12.306,13.991,23.99,27.645
1806,-0.1487,18.2272,0.13475,12.309,13.995,23.998,27.656
1807,-0.1488,18.2327,0.13477,12.312,13.998,24.006,27.666
1808,-0.1489,18.2381,0.13479,12.315,14.002,24.014,27.676
1809,-0.149,18.2435,0.13481,12.318,14.006,24.023,27.686
1810,-0.1491,18.2489,0.13483,12.321,14.009,24.031,27.696
1811,-0.1491,18.2543,0.13485,12.324,14.013,24.039,27.706
1812,-0.1492,18.2597,0.13487,12.327,14.017,24.047,27.717
1813,-0.1493,18.2651,0.1349,12.33,14.02,24.056,27.728
1814,-0.1494,18.2705,0.13492,12.333,14.024,24.064,27.738
1815,-0.1495,18.2759,0.13494,12.336,14.027,24.072,27.748
1816,-0.1496,18.2813,0.13496,12.339,14.031,24.08,27.758
1817,-0.1497,18.2867,0.13498,12.342,14.035,24.089,27.769
1818,-0.1498,18.2921,0.135,12.345,14.038,24.097,27.779
1819,-0.1499,18.2975,0.13502,12.348,14.042,24.105,27.789
1820,-0.15,18.3029,0.13504,12.351,14.046,24.113,27.799
1821,-0.1501,18.3083,0.13506,12.354,14.049,24.121,27.81
1822,-0.1502,18.3137,0.13508,12.358,14.053,24.13,27.82
1823,-0.1503,18.319,0.13511,12.36,14.056,24.138,27.831
1824,-0.1504,18.3244,0.13513,12.363,14.06,24.147,27.841
1825,-0.1505,18.3298,0.13515,12.366,14.063,24.155,27.851
1826,-0.1506,18.3352,0.13517,12.369,14.067,24.163,27.861
1827,-0.1507,18.3406,0.13519,12.372,14.071,24.171,27.872
1828,-0.1508,18.346,0.13521,12.375,14.074,24.179,27.882
1829,-0.1509,18.3514,0.13523,12.378,14.078,24.188,27.892
1830,-0.151,18.3568,0.13525,12.381,14.082,24.196,27.902
1831,-0.1511,18.3622,0.13527,12.384,14.085,24.204,27.913
1832,-0.1512,18.3676,0.13529,12.387,14.089,24.212,27.923
1833,-0.1513,18.373,0.13531,12.39,14.093,24.22,27.933
1834,-0.1514,18.3784,0.13534,12.393,14.096,24.229,27.944
1835,-0.1514,18.3838,0.13536,12.396,14.1,24.237,27.954
1836,-0.1515,18.3891,0.13538,12.399,14.103,24.245,27.964
1837,-0.1516,18.3945,0.1354,12.402,14.107,24.254,27.975
1838,-0.1517,18.3999,0.13542,12.405,14.111,24.262,27.985
1839,-0.1518,18.4053,0.13544,12.408,14.114,24.27,27.995
1840,-0.1519,18.4107,0.13546,12.411,14.118,24.278,28.005
1841,-0.152,18.4161,0.13548,12.414,14.121,24.287,28.016
1842,-0.1521,18.4215,0.1355,12.417,14.125,24.295,28.026
1843,-0.1522,18.4268,0.13552,12.42,14.129,24.303,28.036
1844,-0.1523,18.4322,0.13554,12.423,14.132,24.311,28.046
1845,-0.1524,18.4376,0.13557,12.426,14.136,24.32,28.057
1846,-0.1525,18.443,0.13559,12.429,14.139,24.328,28.068
1847,-0.1526,18.4484,0.13561,12.432,14.143,24.336,28.078
1848,-0.1527,18.4538,0.13563,12.435,14.147,24.345,28.088
1849,-0.1528,18.4591,0.13565,12.438,14.15,24.353,28.098
1850,-0.1529,18.4645,0.13567,12.441,14.154,24.361,28.109
1851,-0.153,18.4699,0.13569,12.444,14.158,24.369,28.119
1852,-0.1531,18.4753,0.13571,12.447,14.161,24.377,28.129
1853,-0.1532,18.4807,0.13573,12.45,14.165,24.386,28.139
1854,-0.1533,18.486,0.13575,12.453,14.168,24.394,28.15
1855,-0.1533,18.4914,0.13577,12.456,14.172,24.402,28.16
1856,-0.1534,18.4968,0.1358,12.459,14.175,24.411,28.171
