# WHO growth reference table, vendored for PoshanNetra AI (Section 6.4).
# source_url: https://cdn.who.int/media/docs/default-source/child-growth/child-growth-standards/indicators/weight-for-age/expanded-tables/wfa-girls-zscore-expanded-tables.xlsx
# retrieved: 2026-08-28
# sha256(source_xlsx): ee3ae12cb96c6c5541cdf43665c03ce6c984f877859a183a5f6104eb06a49a6e
# key column 'Day' is in days; rows: 1857
# sd* columns are WHO's OWN published cut-offs, kept only so the test
# suite can prove our LMS implementation reproduces them exactly.
key,l,m,s,sd3neg,sd2neg,sd2pos,sd3pos
0,0.3809,3.2322,0.14171,2.033,2.395,4.23,4.793
1,0.3259,3.1957,0.14578,1.994,2.352,4.222,4.81
2,0.3101,3.2104,0.14637,2.002,2.362,4.249,4.846
3,0.2986,3.2315,0.14657,2.017,2.378,4.28,4.885
4,0.2891,3.2558,0.14658,2.034,2.397,4.314,4.925
5,0.281,3.2821,0.14646,2.053,2.418,4.349,4.967
6,0.2737,3.3099,0.14626,2.074,2.44,4.386,5.009
7,0.2671,3.3388,0.146,2.096,2.464,4.423,5.052
8,0.2609,3.3687,0.14569,2.118,2.488,4.461,5.096
9,0.2551,3.3995,0.14534,2.141,2.513,4.5,5.14
10,0.2497,3.4314,0.14498,2.165,2.54,4.54,5.186
11,0.2446,3.4643,0.14459,2.19,2.567,4.581,5.232
12,0.2397,3.4983,0.1442,2.216,2.595,4.623,5.28
13,0.2349,3.5333,0.1438,2.242,2.623,4.667,5.329
14,0.2304,3.5693,0.14339,2.269,2.653,4.712,5.379
15,0.226,3.6063,0.14299,2.297,2.683,4.758,5.431
16,0.2218,3.6438,0.14258,2.325,2.714,4.804,5.483
17,0.2177,3.6818,0.14218,2.353,2.745,4.852,5.536
18,0.2137,3.7201,0.14177,2.382,2.777,4.899,5.589
19,0.2099,3.7584,0.14138,2.41,2.808,4.946,5.642
20,0.2061,3.7968,0.14098,2.439,2.84,4.994,5.695
21,0.2024,3.8352,0.1406,2.468,2.871,5.042,5.749
22,0.1989,3.8735,0.14021,2.496,2.903,5.089,5.802
23,0.1954,3.9116,0.13984,2.525,2.934,5.136,5.854
24,0.1919,3.9495,0.13947,2.553,2.965,5.183,5.906
25,0.1886,3.9872,0.1391,2.582,2.996,5.229,5.958
26,0.1853,4.0247,0.13875,2.61,3.027,5.275,6.01
27,0.1821,4.0618,0.1384,2.638,3.058,5.321,6.061
28,0.1789,4.0987,0.13805,2.665,3.088,5.366,6.112
29,0.1758,4.1353,0.13771,2.693,3.118,5.411,6.162
30,0.1727,4.1716,0.13738,2.72,3.148,5.456,6.212
31,0.1697,4.2075,0.13706,2.747,3.178,5.5,6.261
32,0.1668,4.2431,0.13674,2.774,3.207,5.544,6.31
33,0.1638,4.2783,0.13643,2.801,3.236,5.587,6.358
34,0.161,4.3131,0.13613,2.827,3.265,5.63,6.406
35,0.1582,4.3476,0.13583,2.853,3.294,5.672,6.453
36,0.1554,4.3818,0.13554,2.879,3.322,5.714,6.5
37,0.1526,4.4155,0.13526,2.904,3.35,5.756,6.546
38,0.1499,4.449,0.13498,2.93,3.377,5.797,6.592
39,0.1473,4.482,0.1347,2.955,3.405,5.837,6.637
40,0.1446,4.5148,0.13444,2.98,3.432,5.878,6.682
41,0.142,4.5472,0.13418,3.004,3.459,5.917,6.726
42,0.1395,4.5793,0.13392,3.029,3.485,5.957,6.77
43,0.1369,4.611,0.13367,3.053,3.512,5.995,6.813
44,0.1344,4.6425,0.13342,3.077,3.538,6.034,6.856
45,0.132,4.6736,0.13318,3.1,3.564,6.072,6.898
46,0.1295,4.7044,0.13295,3.124,3.589,6.11,6.941
47,0.1271,4.7349,0.13272,3.147,3.614,6.147,6.982
48,0.1247,4.7651,0.1325,3.17,3.639,6.184,7.024
49,0.1224,4.795,0.13228,3.192,3.664,6.221,7.064
50,0.12,4.8245,0.13206,3.215,3.689,6.257,7.105
51,0.1177,4.8538,0.13185,3.237,3.713,6.293,7.145
52,0.1154,4.8828,0.13165,3.259,3.737,6.329,7.185
53,0.1132,4.9115,0.13145,3.281,3.761,6.364,7.224
54,0.1109,4.9399,0.13125,3.303,3.785,6.399,7.263
55,0.1087,4.968,0.13106,3.324,3.808,6.433,7.301
56,0.1065,4.9959,0.13087,3.345,3.831,6.467,7.339
57,0.1044,5.0235,0.13068,3.366,3.854,6.501,7.377
58,0.1022,5.0509,0.1305,3.387,3.877,6.535,7.414
59,0.1001,5.078,0.13033,3.408,3.899,6.568,7.452
60,0.098,5.1049,0.13015,3.428,3.922,6.601,7.488
61,0.0959,5.1315,0.12998,3.449,3.944,6.634,7.525
62,0.0938,5.158,0.12982,3.469,3.966,6.666,7.561
63,0.0918,5.1842,0.12966,3.489,3.987,6.699,7.597
64,0.0897,5.2102,0.1295,3.508,4.009,6.731,7.633
65,0.0877,5.236,0.12934,3.528,4.031,6.762,7.669
66,0.0857,5.2616,0.12919,3.548,4.052,6.794,7.704
67,0.0838,5.287,0.12904,3.567,4.073,6.825,7.739
68,0.0818,5.3121,0.12889,3.586,4.094,6.856,7.773
69,0.0798,5.337,0.12875,3.605,4.114,6.886,7.807
70,0.0779,5.3618,0.12861,3.624,4.135,6.917,7.842
71,0.076,5.3863,0.12847,3.643,4.155,6.947,7.875
72,0.0741,5.4107,0.12834,3.661,4.175,6.977,7.909
73,0.0722,5.4348,0.12821,3.679,4.195,7.007,7.942
74,0.0704,5.4587,0.12808,3.698,4.215,7.036,7.975
75,0.0685,5.4825,0.12795,3.716,4.235,7.066,8.008
76,0.0667,5.5061,0.12783,3.734,4.255,7.095,8.041
77,0.0648,5.5295,0.1277,3.752,4.274,7.124,8.073
78,0.063,5.5527,0.12758,3.769,4.293,7.152,8.105
79,0.0612,5.5757,0.12747,3.787,4.312,7.181,8.137
80,0.0595,5.5986,0.12735,3.804,4.331,7.209,8.169
81,0.0577,5.6213,0.12724,3.821,4.35,7.237,8.2
82,0.0559,5.6438,0.12713,3.838,4.369,7.265,8.231
83,0.0542,5.6662,0.12702,3.855,4.387,7.292,8.262
84,0.0525,5.6883,0.12691,3.872,4.406,7.32,8.293
85,0.0508,5.7104,0.12681,3.889,4.424,7.347,8.324
86,0.049,5.7322,0.12671,3.905,4.442,7.374,8.354
87,0.0474,5.7539,0.1266,3.922,4.46,7.401,8.384
88,0.0457,5.7755,0.12651,3.938,4.478,7.428,8.414
89,0.044,5.7969,0.12641,3.955,4.496,7.454,8.444
90,0.0424,5.8181,0.12631,3.971,4.513,7.48,8.473
91,0.0407,5.8393,0.12622,3.987,4.531,7.506,8.503
92,0.0391,5.8602,0.12613,4.003,4.548,7.532,8.532
93,0.0375,5.881,0.12604,4.018,4.565,7.558,8.561
94,0.0358,5.9017,0.12595,4.034,4.582,7.584,8.59
95,0.0342,5.9223,0.12586,4.05,4.599,7.609,8.618
96,0.0327,5.9427,0.12577,4.065,4.616,7.634,8.647
97,0.0311,5.9629,0.12569,4.081,4.633,7.66,8.675
98,0.0295,5.9831,0.12561,4.096,4.65,7.685,8.703
99,0.0279,6.0031,0.12553,4.111,4.666,7.71,8.731
100,0.0264,6.0229,0.12545,4.126,4.683,7.734,8.759
101,0.0249,6.0426,0.12537,4.141,4.699,7.759,8.786
102,0.0233,6.0622,0.12529,4.156,4.715,7.783,8.814
103,0.0218,6.0817,0.12522,4.171,4.731,7.807,8.841
104,0.0203,6.101,0.12514,4.185,4.747,7.831,8.868
105,0.0188,6.1202,0.12507,4.2,4.763,7.855,8.895
106,0.0173,6.1393,0.125,4.214,4.779,7.879,8.922
107,0.0158,6.1582,0.12493,4.229,4.794,7.902,8.948
108,0.0144,6.1771,0.12486,4.243,4.81,7.926,8.975
109,0.0129,6.1958,0.12479,4.257,4.825,7.949,9.001
110,0.0114,6.2143,0.12472,4.271,4.841,7.972,9.027
111,0.01,6.2328,0.12466,4.285,4.856,7.995,9.053
112,0.0086,6.2511,0.12459,4.299,4.871,8.018,9.079
113,0.0071,6.2693,0.12453,4.313,4.886,8.041,9.104
114,0.0057,6.2874,0.12447,4.326,4.901,8.063,9.13
115,0.0043,6.3054,0.12441,4.34,4.916,8.086,9.155
116,0.0029,6.3232,0.12435,4.353,4.93,8.108,9.18
117,0.0015,6.341,0.12429,4.367,4.945,8.13,9.206
118,0.0001,6.3586,0.12423,4.38,4.96,8.152,9.23
119,-0.0013,6.3761,0.12417,4.394,4.974,8.174,9.255
120,-0.0026,6.3935,0.12412,4.407,4.988,8.196,9.28
121,-0.004,6.4108,0.12406,4.42,5.003,8.217,9.304
122,-0.0053,6.428,0.12401,4.433,5.017,8.239,9.328
123,-0.0067,6.445,0.12395,4.446,5.031,8.26,9.352
124,-0.008,6.462,0.1239,4.458,5.045,8.281,9.376
125,-0.0094,6.4788,0.12385,4.471,5.059,8.302,9.4
126,-0.0107,6.4956,0.1238,4.484,5.073,8.323,9.424
127,-0.012,6.5122,0.12375,4.496,5.086,8.344,9.448
128,-0.0133,6.5288,0.1237,4.509,5.1,8.365,9.471
129,-0.0146,6.5452,0.12365,4.521,5.113,8.385,9.494
130,-0.0159,6.5615,0.1236,4.534,5.127,8.406,9.517
131,-0.0172,6.5777,0.12355,4.546,5.14,8.426,9.54
132,-0.0185,6.5939,0.12351,4.558,5.154,8.446,9.563
133,-0.0198,6.6099,0.12346,4.57,5.167,8.466,9.586
134,-0.021,6.6258,0.12342,4.582,5.18,8.486,9.609
135,-0.0223,6.6416,0.12337,4.594,5.193,8.506,9.631
136,-0.0235,6.6573,0.12333,4.606,5.206,8.526,9.654
137,-0.0248,6.6729,0.12329,4.618,5.219,8.545,9.676
138,-0.026,6.6884,0.12325,4.629,5.231,8.565,9.698
139,-0.0273,6.7039,0.12321,4.641,5.244,8.584,9.72
140,-0.0285,6.7192,0.12317,4.652,5.257,8.604,9.742
141,-0.0297,6.7344,0.12313,4.664,5.269,8.623,9.764
142,-0.0309,6.7495,0.12309,4.675,5.282,8.642,9.785
143,-0.0321,6.7646,0.12305,4.687,5.294,8.661,9.807
144,-0.0333,6.7795,0.12301,4.698,5.306,8.679,9.828
145,-0.0345,6.7944,0.12298,4.709,5.318,8.698,9.849
146,-0.0357,6.8091,0.12294,4.72,5.331,8.717,9.87
147,-0.0369,6.8238,0.12291,4.731,5.343,8.735,9.892
148,-0.0381,6.8384,0.12287,4.742,5.355,8.753,9.912
149,-0.0393,6.8529,0.12284,4.753,5.366,8.772,9.933
150,-0.0404,6.8673,0.12281,4.764,5.378,8.79,9.954
151,-0.0416,6.8816,0.12277,4.775,5.39,8.808,9.974
152,-0.0428,6.8959,0.12274,4.785,5.402,8.826,9.995
153,-0.0439,6.91,0.12271,4.796,5.413,8.844,10.015
154,-0.045,6.9241,0.12268,4.807,5.425,8.862,10.036
155,-0.0462,6.9381,0.12265,4.817,5.436,8.879,10.056
156,-0.0473,6.952,0.12262,4.828,5.448,8.897,10.076
157,-0.0484,6.9659,0.12259,4.838,5.459,8.914,10.096
158,-0.0496,6.9797,0.12256,4.848,5.47,8.932,10.116
159,-0.0507,6.9934,0.12254,4.859,5.482,8.949,10.136
160,-0.0518,7.007,0.12251,4.869,5.493,8.967,10.155
161,-0.0529,7.0205,0.12248,4.879,5.504,8.984,10.175
162,-0.054,7.034,0.12246,4.889,5.515,9.001,10.194
163,-0.0551,7.0474,0.12243,4.899,5.526,9.018,10.214
164,-0.0562,7.0607,0.12241,4.909,5.537,9.035,10.233
165,-0.0573,7.074,0.12238,4.919,5.548,9.051,10.252
166,-0.0583,7.0872,0.12236,4.929,5.558,9.068,10.271
167,-0.0594,7.1003,0.12234,4.938,5.569,9.085,10.29
168,-0.0605,7.1133,0.12231,4.948,5.58,9.101,10.309
169,-0.0615,7.1263,0.12229,4.958,5.59,9.118,10.328
170,-0.0626,7.1393,0.12227,4.968,5.601,9.134,10.347
171,-0.0637,7.1521,0.12225,4.977,5.611,9.151,10.366
172,-0.0647,7.1649,0.12223,4.987,5.622,9.167,10.384
173,-0.0658,7.1776,0.12221,4.996,5.632,9.183,10.403
174,-0.0668,7.1903,0.12219,5.006,5.642,9.199,10.421
175,-0.0678,7.2029,0.12217,5.015,5.653,9.215,10.44
176,-0.0689,7.2154,0.12215,5.024,5.663,9.231,10.458
177,-0.0699,7.2279,0.12214,5.034,5.673,9.247,10.477
178,-0.0709,7.2403,0.12212,5.043,5.683,9.263,10.495
179,-0.0719,7.2527,0.1221,5.052,5.693,9.279,10.513
180,-0.0729,7.265,0.12208,5.061,5.703,9.295,10.531
181,-0.0739,7.2772,0.12207,5.07,5.713,9.31,10.549
182,-0.0749,7.2894,0.12205,5.079,5.723,9.326,10.566
183,-0.0759,7.3016,0.12204,5.088,5.733,9.341,10.585
184,-0.0769,7.3136,0.12202,5.097,5.743,9.357,10.602
185,-0.0779,7.3256,0.12201,5.106,5.753,9.372,10.62
186,-0.0789,7.3376,0.122,5.115,5.762,9.388,10.638
187,-0.0799,7.3495,0.12198,5.124,5.772,9.403,10.655
188,-0.0808,7.3614,0.12197,5.133,5.782,9.418,10.673
189,-0.0818,7.3732,0.12196,5.141,5.791,9.433,10.69
190,-0.0828,7.3849,0.12195,5.15,5.801,9.448,10.707
191,-0.0837,7.3966,0.12194,5.159,5.81,9.463,10.725
192,-0.0847,7.4082,0.12192,5.167,5.82,9.478,10.742
193,-0.0857,7.4198,0.12191,5.176,5.829,9.493,10.759
194,-0.0866,7.4314,0.1219,5.185,5.838,9.508,10.776
195,-0.0875,7.4429,0.12189,5.193,5.848,9.523,10.793
196,-0.0885,7.4543,0.12188,5.201,5.857,9.537,10.81
197,-0.0894,7.4657,0.12188,5.21,5.866,9.552,10.827
198,-0.0904,7.477,0.12187,5.218,5.875,9.567,10.844
199,-0.0913,7.4883,0.12186,5.226,5.884,9.581,10.861
200,-0.0922,7.4995,0.12185,5.235,5.893,9.596,10.877
201,-0.0931,7.5107,0.12184,5.243,5.902,9.61,10.894
202,-0.094,7.5219,0.12184,5.251,5.911,9.625,10.911
203,-0.095,7.533,0.12183,5.259,5.92,9.639,10.927
204,-0.0959,7.544,0.12182,5.267,5.929,9.653,10.944
205,-0.0968,7.5551,0.12182,5.276,5.938,9.668,10.961
206,-0.0977,7.566,0.12181,5.284,5.947,9.682,10.977
207,-0.0986,7.5769,0.12181,5.292,5.956,9.696,10.993
208,-0.0995,7.5878,0.1218,5.3,5.965,9.71,11.009
209,-0.1003,7.5986,0.1218,5.307,5.973,9.724,11.026
210,-0.1012,7.6094,0.12179,5.315,5.982,9.738,11.042
211,-0.1021,7.6202,0.12179,5.323,5.991,9.752,11.058
212,-0.103,7.6309,0.12179,5.331,5.999,9.766,11.074
213,-0.1039,7.6416,0.12178,5.339,6.008,9.78,11.09
214,-0.1047,7.6522,0.12178,5.347,6.016,9.793,11.106
215,-0.1056,7.6628,0.12178,5.354,6.025,9.807,11.122
216,-0.1065,7.6733,0.12177,5.362,6.033,9.821,11.138
217,-0.1073,7.6838,0.12177,5.37,6.042,9.834,11.154
218,-0.1082,7.6943,0.12177,5.377,6.05,9.848,11.17
219,-0.109,7.7047,0.12177,5.385,6.059,9.862,11.185
220,-0.1099,7.7151,0.12177,5.393,6.067,9.875,11.201
221,-0.1107,7.7254,0.12177,5.4,6.075,9.889,11.217
222,-0.1116,7.7357,0.12177,5.407,6.083,9.902,11.232
223,-0.1124,7.746,0.12176,5.415,6.092,9.915,11.248
224,-0.1132,7.7562,0.12176,5.423,6.1,9.929,11.263
225,-0.1141,7.7664,0.12176,5.43,6.108,9.942,11.279
226,-0.1149,7.7766,0.12176,5.437,6.116,9.955,11.294
227,-0.1157,7.7867,0.12177,5.445,6.124,9.969,11.31
228,-0.1165,7.7968,0.12177,5.452,6.132,9.982,11.325
229,-0.1173,7.8068,0.12177,5.459,6.14,9.995,11.34
230,-0.1181,7.8169,0.12177,5.467,6.148,10.008,11.356
231,-0.119,7.8268,0.12177,5.474,6.156,10.021,11.371
232,-0.1198,7.8368,0.12177,5.481,6.164,10.034,11.386
233,-0.1206,7.8467,0.12177,5.488,6.172,10.047,11.401
234,-0.1214,7.8566,0.12178,5.495,6.18,10.06,11.416
235,-0.1222,7.8664,0.12178,5.502,6.188,10.073,11.431
236,-0.1229,7.8762,0.12178,5.509,6.196,10.086,11.446
237,-0.1237,7.886,0.12178,5.517,6.204,10.099,11.461
238,-0.1245,7.8957,0.12179,5.524,6.211,10.111,11.476
239,-0.1253,7.9054,0.12179,5.531,6.219,10.124,11.491
240,-0.1261,7.9151,0.12179,5.538,6.227,10.137,11.506
241,-0.1269,7.9247,0.1218,5.544,6.234,10.15,11.52
242,-0.1276,7.9343,0.1218,5.551,6.242,10.162,11.535
243,-0.1284,7.9439,0.1218,5.558,6.25,10.175,11.55
244,-0.1292,7.9534,0.12181,5.565,6.257,10.187,11.564
245,-0.1299,7.9629,0.12181,5.572,6.265,10.2,11.579
246,-0.1307,7.9724,0.12182,5.579,6.272,10.212,11.594
247,-0.1314,7.9819,0.12182,5.586,6.28,10.225,11.608
248,-0.1322,7.9913,0.12182,5.593,6.287,10.237,11.622
249,-0.1329,8.0007,0.12183,5.599,6.295,10.249,11.637
250,-0.1337,8.01,0.12183,5.606,6.302,10.262,11.651
251,-0.1344,8.0193,0.12184,5.613,6.31,10.274,11.666
252,-0.1352,8.0286,0.12185,5.619,6.317,10.286,11.68
253,-0.1359,8.0379,0.12185,5.626,6.324,10.298,11.694
254,-0.1367,8.0471,0.12186,5.633,6.332,10.311,11.709
255,-0.1374,8.0563,0.12186,5.639,6.339,10.323,11.723
256,-0.1381,8.0655,0.12187,5.646,6.346,10.335,11.737
257,-0.1388,8.0746,0.12187,5.652,6.354,10.347,11.751
258,-0.1396,8.0837,0.12188,5.659,6.361,10.359,11.765
259,-0.1403,8.0928,0.12189,5.665,6.368,10.371,11.779
260,-0.141,8.1019,0.12189,5.672,6.375,10.383,11.793
261,-0.1417,8.1109,0.1219,5.678,6.382,10.395,11.807
262,-0.1424,8.1199,0.1219,5.685,6.389,10.407,11.821
263,-0.1431,8.1289,0.12191,5.691,6.397,10.419,11.835
264,-0.1438,8.1378,0.12192,5.698,6.404,10.431,11.849
265,-0.1445,8.1468,0.12192,5.704,6.411,10.442,11.863
266,-0.1452,8.1557,0.12193,5.711,6.418,10.454,11.877
267,-0.1459,8.1645,0.12194,5.717,6.425,10.466,11.891
268,-0.1466,8.1734,0.12194,5.723,6.432,10.478,11.904
269,-0.1473,8.1822,0.12195,5.73,6.439,10.489,11.918
270,-0.148,8.191,0.12196,5.736,6.446,10.501,11.932
271,-0.1487,8.1998,0.12197,5.742,6.453,10.513,11.945
272,-0.1494,8.2085,0.12197,5.748,6.46,10.524,11.959
273,-0.1501,8.2172,0.12198,5.755,6.466,10.536,11.972
274,-0.1507,8.2259,0.12199,5.761,6.473,10.547,11.986
275,-0.1514,8.2346,0.12199,5.767,6.48,10.559,11.999
276,-0.1521,8.2432,0.122,5.773,6.487,10.57,12.013
277,-0.1528,8.2519,0.12201,5.779,6.494,10.582,12.026
278,-0.1534,8.2605,0.12202,5.785,6.501,10.593,12.04
279,-0.1541,8.269,0.12202,5.792,6.507,10.604,12.053
280,-0.1547,8.2776,0.12203,5.798,6.514,10.616,12.066
281,-0.1554,8.2861,0.12204,5.804,6.521,10.627,12.08
282,-0.1561,8.2946,0.12205,5.81,6.528,10.638,12.093
283,-0.1567,8.3031,0.12206,5.816,6.534,10.65,12.106
284,-0.1574,8.3116,0.12206,5.822,6.541,10.661,12.119
285,-0.158,8.3201,0.12207,5.828,6.548,10.672,12.133
286,-0.1587,8.3285,0.12208,5.834,6.554,10.683,12.146
287,-0.1593,8.3369,0.12209,5.84,6.561,10.695,12.159
288,-0.1599,8.3453,0.12209,5.846,6.568,10.706,12.172
289,-0.1606,8.3536,0.1221,5.852,6.574,10.717,12.185
290,-0.1612,8.362,0.12211,5.858,6.581,10.728,12.198
291,-0.1618,8.3703,0.12212,5.864,6.587,10.739,12.211
292,-0.1625,8.3786,0.12213,5.87,6.594,10.75,12.224
293,-0.1631,8.3869,0.12213,5.876,6.601,10.761,12.237
294,-0.1637,8.3952,0.12214,5.881,6.607,10.772,12.25
295,-0.1643,8.4035,0.12215,5.887,6.614,10.783,12.263
296,-0.165,8.4117,0.12216,5.893,6.62,10.794,12.276
297,-0.1656,8.4199,0.12217,5.899,6.626,10.805,12.289
298,-0.1662,8.4281,0.12218,5.905,6.633,10.816,12.302
299,-0.1668,8.4363,0.12218,5.911,6.639,10.827,12.314
300,-0.1674,8.4445,0.12219,5.917,6.646,10.838,12.327
301,-0.168,8.4526,0.1222,5.922,6.652,10.849,12.34
302,-0.1686,8.4607,0.12221,5.928,6.659,10.859,12.353
303,-0.1692,8.4688,0.12222,5.934,6.665,10.87,12.366
304,-0.1698,8.4769,0.12222,5.94,6.671,10.881,12.378
305,-0.1704,8.485,0.12223,5.945,6.678,10.892,12.391
306,-0.171,8.4931,0.12224,5.951,6.684,10.902,12.403
307,-0.1716,8.5011,0.12225,5.957,6.69,10.913,12.416
308,-0.1722,8.5092,0.12226,5.962,6.697,10.924,12.429
309,-0.1728,8.5172,0.12227,5.968,6.703,10.935,12.442
310,-0.1734,8.5252,0.12227,5.974,6.71,10.945,12.454
311,-0.174,8.5332,0.12228,5.98,6.716,10.956,12.466
312,-0.1745,8.5411,0.12229,5.985,6.722,10.966,12.479
313,-0.1751,8.5491,0.1223,5.991,6.728,10.977,12.491
314,-0.1757,8.557,0.12231,5.996,6.734,10.988,12.504
315,-0.1763,8.565,0.12231,6.002,6.741,10.998,12.516
316,-0.1768,8.5729,0.12232,6.008,6.747,11.009,12.529
317,-0.1774,8.5808,0.12233,6.013,6.753,11.019,12.541
318,-0.178,8.5887,0.12234,6.019,6.759,11.03,12.554
319,-0.1785,8.5965,0.12235,6.024,6.766,11.04,12.566
320,-0.1791,8.6044,0.12235,6.03,6.772,11.051,12.578
321,-0.1797,8.6122,0.12236,6.036,6.778,11.061,12.59
322,-0.1802,8.6201,0.12237,6.041,6.784,11.072,12.603
323,-0.1808,8.6279,0.12238,6.047,6.79,11.082,12.615
324,-0.1813,8.6357,0.12239,6.052,6.796,11.093,12.627
325,-0.1819,8.6435,0.12239,6.058,6.803,11.103,12.639
326,-0.1824,8.6512,0.1224,6.063,6.809,11.113,12.651
327,-0.183,8.659,0.12241,6.069,6.815,11.124,12.664
328,-0.1835,8.6667,0.12242,6.074,6.821,11.134,12.676
329,-0.1841,8.6745,0.12243,6.08,6.827,11.144,12.688
330,-0.1846,8.6822,0.12243,6.085,6.833,11.154,12.7
331,-0.1851,8.6899,0.12244,6.091,6.839,11.165,12.712
332,-0.1857,8.6976,0.12245,6.096,6.845,11.175,12.724
333,-0.1862,8.7053,0.12246,6.102,6.851,11.185,12.737
334,-0.1867,8.713,0.12246,6.107,6.857,11.196,12.748
335,-0.1873,8.7207,0.12247,6.113,6.863,11.206,12.761
336,-0.1878,8.7283,0.12248,6.118,6.869,11.216,12.773
337,-0.1883,8.736,0.12249,6.124,6.875,11.226,12.785
338,-0.1889,8.7436,0.12249,6.129,6.882,11.236,12.796
339,-0.1894,8.7512,0.1225,6.134,6.887,11.247,12.808
340,-0.1899,8.7588,0.12251,6.14,6.893,11.257,12.82
341,-0.1904,8.7664,0.12252,6.145,6.899,11.267,12.833
342,-0.1909,8.774,0.12252,6.151,6.905,11.277,12.844
343,-0.1914,8.7816,0.12253,6.156,6.911,11.287,12.856
344,-0.192,8.7892,0.12254,6.161,6.917,11.297,12.868
345,-0.1925,8.7968,0.12254,6.167,6.923,11.307,12.88
346,-0.193,8.8043,0.12255,6.172,6.929,11.317,12.892
347,-0.1935,8.8119,0.12256,6.177,6.935,11.327,12.904
348,-0.194,8.8194,0.12256,6.183,6.941,11.337,12.915
349,-0.1945,8.8269,0.12257,6.188,6.947,11.347,12.927
350,-0.195,8.8344,0.12258,6.193,6.953,11.357,12.939
351,-0.1955,8.842,0.12259,6.199,6.959,11.368,12.951
352,-0.196,8.8495,0.12259,6.204,6.965,11.377,12.962
353,-0.1965,8.8569,0.1226,6.209,6.971,11.387,12.974
354,-0.197,8.8644,0.12261,6.215,6.977,11.397,12.986
355,-0.1974,8.8719,0.12261,6.22,6.983,11.407,12.997
356,-0.1979,8.8794,0.12262,6.225,6.988,11.417,13.009
357,-0.1984,8.8868,0.12262,6.231,6.994,11.427,13.021
358,-0.1989,8.8943,0.12263,6.236,7,11.437,13.033
359,-0.1994,8.9017,0.12264,6.241,7.006,11.447,13.044
360,-0.1999,8.9092,0.12264,6.247,7.012,11.457,13.056
361,-0.2003,8.9166,0.12265,6.252,7.018,11.467,13.068
362,-0.2008,8.924,0.12266,6.257,7.024,11.477,13.079
363,-0.2013,8.9314,0.12266,6.263,7.03,11.486,13.091
364,-0.2018,8.9388,0.12267,6.268,7.035,11.496,13.102
365,-0.2022,8.9462,0.12267,6.273,7.041,11.506,13.114
366,-0.2027,8.9536,0.12268,6.278,7.047,11.516,13.125
367,-0.2032,8.961,0.12269,6.283,7.053,11.526,13.137
368,-0.2036,8.9684,0.12269,6.289,7.059,11.535,13.148
369,-0.2041,8.9757,0.1227,6.294,7.064,11.545,13.16
370,-0.2046,8.9831,0.1227,6.299,7.07,11.555,13.171
371,-0.205,8.9904,0.12271,6.304,7.076,11.565,13.183
372,-0.2055,8.9978,0.12272,6.31,7.082,11.575,13.195
373,-0.2059,9.0051,0.12272,6.315,7.088,11.584,13.206
374,-0.2064,9.0125,0.12273,6.32,7.093,11.594,13.218
375,-0.2068,9.0198,0.12273,6.325,7.099,11.604,13.229
376,-0.2073,9.0271,0.12274,6.331,7.105,11.614,13.24
377,-0.2077,9.0344,0.12274,6.336,7.111,11.623,13.251
378,-0.2082,9.0417,0.12275,6.341,7.116,11.633,13.263
379,-0.2086,9.049,0.12275,6.346,7.122,11.643,13.274
380,-0.2091,9.0563,0.12276,6.351,7.128,11.652,13.286
381,-0.2095,9.0636,0.12276,6.357,7.134,11.662,13.297
382,-0.21,9.0709,0.12277,6.362,7.14,11.672,13.309
383,-0.2104,9.0782,0.12277,6.367,7.145,11.681,13.32
384,-0.2108,9.0854,0.12278,6.372,7.151,11.691,13.331
385,-0.2113,9.0927,0.12278,6.377,7.157,11.701,13.342
386,-0.2117,9.0999,0.12279,6.382,7.162,11.71,13.354
387,-0.2121,9.1072,0.12279,6.388,7.168,11.72,13.365
388,-0.2126,9.1144,0.1228,6.393,7.174,11.729,13.376
389,-0.213,9.1217,0.1228,6.398,7.18,11.739,13.387
390,-0.2134,9.1289,0.12281,6.403,7.185,11.749,13.399
391,-0.2139,9.1361,0.12281,6.408,7.191,11.758,13.41
392,-0.2143,9.1434,0.12282,6.413,7.197,11.768,13.421
393,-0.2147,9.1506,0.12282,6.419,7.203,11.777,13.432
394,-0.2151,9.1578,0.12282,6.424,7.208,11.787,13.443
395,-0.2155,9.165,0.12283,6.429,7.214,11.796,13.455
396,-0.216,9.1722,0.12283,6.434,7.22,11.806,13.466
397,-0.2164,9.1794,0.12284,6.439,7.225,11.816,13.477
398,-0.2168,9.1866,0.12284,6.444,7.231,11.825,13.488
399,-0.2172,9.1938,0.12285,6.449,7.237,11.835,13.5
400,-0.2176,9.2009,0.12285,6.455,7.242,11.844,13.511
401,-0.218,9.2081,0.12285,6.46,7.248,11.853,13.522
402,-0.2184,9.2153,0.12286,6.465,7.254,11.863,13.533
403,-0.2188,9.2225,0.12286,6.47,7.259,11.872,13.544
404,-0.2192,9.2296,0.12287,6.475,7.265,11.882,13.555
405,-0.2196,9.2368,0.12287,6.48,7.271,11.891,13.566
406,-0.22,9.2439,0.12287,6.485,7.276,11.901,13.577
407,-0.2204,9.2511,0.12288,6.49,7.282,11.91,13.588
408,-0.2208,9.2582,0.12288,6.495,7.288,11.92,13.599
409,-0.2212,9.2654,0.12288,6.501,7.293,11.929,13.61
410,-0.2216,9.2725,0.12289,6.506,7.299,11.939,13.622
411,-0.222,9.2796,0.12289,6.511,7.305,11.948,13.632
412,-0.2224,9.2867,0.12289,6.516,7.31,11.957,13.643
413,-0.2228,9.2939,0.1229,6.521,7.316,11.967,13.655
414,-0.2232,9.301,0.1229,6.526,7.322,11.976,13.666
415,-0.2236,9.3081,0.1229,6.531,7.327,11.986,13.676
416,-0.224,9.3152,0.12291,6.536,7.333,11.995,13.688
417,-0.2243,9.3223,0.12291,6.541,7.338,12.004,13.698
418,-0.2247,9.3294,0.12291,6.546,7.344,12.014,13.709
419,-0.2251,9.3365,0.12292,6.551,7.35,12.023,13.721
420,-0.2255,9.3436,0.12292,6.557,7.355,12.032,13.731
421,-0.2259,9.3507,0.12292,6.562,7.361,12.042,13.742
422,-0.2262,9.3578,0.12292,6.567,7.367,12.051,13.753
423,-0.2266,9.3649,0.12293,6.572,7.372,12.061,13.764
424,-0.227,9.372,0.12293,6.577,7.378,12.07,13.775
425,-0.2274,9.379,0.12293,6.582,7.383,12.079,13.786
426,-0.2277,9.3861,0.12294,6.587,7.389,12.089,13.797
427,-0.2281,9.3932,0.12294,6.592,7.395,12.098,13.808
428,-0.2285,9.4002,0.12294,6.597,7.4,12.107,13.819
429,-0.2288,9.4073,0.12294,6.602,7.406,12.116,13.829
430,-0.2292,9.4144,0.12295,6.607,7.411,12.126,13.841
431,-0.2296,9.4214,0.12295,6.612,7.417,12.135,13.852
432,-0.2299,9.4285,0.12295,6.617,7.423,12.144,13.862
433,-0.2303,9.4355,0.12295,6.622,7.428,12.153,13.873
434,-0.2307,9.4426,0.12295,6.628,7.434,12.163,13.884
435,-0.231,9.4496,0.12296,6.632,7.439,12.172,13.895
436,-0.2314,9.4567,0.12296,6.638,7.445,12.181,13.906
437,-0.2317,9.4637,0.12296,6.643,7.451,12.191,13.916
438,-0.2321,9.4707,0.12296,6.648,7.456,12.2,13.927
439,-0.2324,9.4778,0.12296,6.653,7.462,12.209,13.938
440,-0.2328,9.4848,0.12297,6.658,7.467,12.219,13.949
441,-0.2331,9.4918,0.12297,6.663,7.473,12.228,13.96
442,-0.2335,9.4988,0.12297,6.668,7.478,12.237,13.97
443,-0.2338,9.5058,0.12297,6.673,7.484,12.246,13.981
444,-0.2342,9.5129,0.12297,6.678,7.49,12.255,13.992
445,-0.2345,9.5199,0.12298,6.683,7.495,12.265,14.003
446,-0.2349,9.5269,0.12298,6.688,7.501,12.274,14.014
447,-0.2352,9.5339,0.12298,6.693,7.506,12.283,14.024
448,-0.2355,9.5409,0.12298,6.698,7.512,12.292,14.035
449,-0.2359,9.5479,0.12298,6.703,7.517,12.301,14.046
450,-0.2362,9.5549,0.12298,6.708,7.523,12.31,14.056
451,-0.2366,9.5619,0.12299,6.713,7.529,12.32,14.067
452,-0.2369,9.5689,0.12299,6.718,7.534,12.329,14.078
453,-0.2372,9.5759,0.12299,6.723,7.54,12.338,14.089
454,-0.2376,9.5829,0.12299,6.728,7.545,12.347,14.099
455,-0.2379,9.5898,0.12299,6.733,7.551,12.356,14.11
456,-0.2382,9.5968,0.12299,6.738,7.556,12.366,14.121
457,-0.2385,9.6038,0.12299,6.743,7.562,12.375,14.131
458,-0.2389,9.6108,0.123,6.748,7.567,12.384,14.142
459,-0.2392,9.6178,0.123,6.753,7.573,12.393,14.153
460,-0.2395,9.6247,0.123,6.758,7.578,12.402,14.163
461,-0.2398,9.6317,0.123,6.763,7.584,12.411,14.174
462,-0.2402,9.6387,0.123,6.768,7.59,12.421,14.185
463,-0.2405,9.6457,0.123,6.773,7.595,12.43,14.195
464,-0.2408,9.6526,0.123,6.778,7.601,12.439,14.206
465,-0.2411,9.6596,0.123,6.783,7.606,12.448,14.217
466,-0.2414,9.6665,0.12301,6.788,7.612,12.457,14.228
467,-0.2418,9.6735,0.12301,6.793,7.617,12.466,14.238
468,-0.2421,9.6805,0.12301,6.798,7.623,12.475,14.249
469,-0.2424,9.6874,0.12301,6.803,7.628,12.484,14.259
470,-0.2427,9.6944,0.12301,6.808,7.634,12.494,14.27
471,-0.243,9.7013,0.12301,6.813,7.639,12.503,14.281
472,-0.2433,9.7083,0.12301,6.818,7.645,12.512,14.291
473,-0.2436,9.7152,0.12301,6.823,7.65,12.521,14.302
474,-0.2439,9.7222,0.12301,6.828,7.656,12.53,14.312
475,-0.2442,9.7291,0.12302,6.833,7.661,12.539,14.323
476,-0.2446,9.7361,0.12302,6.838,7.667,12.548,14.334
477,-0.2449,9.743,0.12302,6.843,7.672,12.557,14.344
478,-0.2452,9.75,0.12302,6.848,7.678,12.567,14.355
479,-0.2455,9.7569,0.12302,6.853,7.684,12.576,14.366
480,-0.2458,9.7638,0.12302,6.858,7.689,12.585,14.376
481,-0.2461,9.7708,0.12302,6.863,7.695,12.594,14.387
482,-0.2464,9.7777,0.12302,6.868,7.7,12.603,14.397
483,-0.2467,9.7846,0.12302,6.873,7.706,12.612,14.408
484,-0.247,9.7916,0.12302,6.878,7.711,12.621,14.418
485,-0.2472,9.7985,0.12303,6.883,7.717,12.63,14.429
486,-0.2475,9.8054,0.12303,6.888,7.722,12.639,14.44
487,-0.2478,9.8124,0.12303,6.893,7.728,12.648,14.45
488,-0.2481,9.8193,0.12303,6.898,7.733,12.657,14.461
489,-0.2484,9.8262,0.12303,6.903,7.739,12.666,14.471
490,-0.2487,9.8331,0.12303,6.908,7.744,12.675,14.482
491,-0.249,9.8401,0.12303,6.913,7.75,12.685,14.493
492,-0.2493,9.847,0.12303,6.918,7.755,12.694,14.503
493,-0.2496,9.8539,0.12303,6.923,7.761,12.703,14.514
494,-0.2499,9.8608,0.12303,6.928,7.766,12.712,14.524
495,-0.2501,9.8677,0.12303,6.933,7.772,12.721,14.534
496,-0.2504,9.8746,0.12304,6.937,7.777,12.73,14.545
497,-0.2507,9.8816,0.12304,6.942,7.783,12.739,14.556
498,-0.251,9.8885,0.12304,6.947,7.788,12.748,14.567
499,-0.2513,9.8954,0.12304,6.952,7.794,12.757,14.577
500,-0.2515,9.9023,0.12304,6.957,7.799,12.766,14.587
501,-0.2518,9.9092,0.12304,6.962,7.805,12.775,14.598
502,-0.2521,9.9161,0.12304,6.967,7.81,12.784,14.608
503,-0.2524,9.923,0.12304,6.972,7.816,12.793,14.619
504,-0.2526,9.9299,0.12304,6.977,7.821,12.802,14.629
505,-0.2529,9.9368,0.12304,6.982,7.827,12.811,14.64
506,-0.2532,9.9437,0.12304,6.987,7.832,12.82,14.65
507,-0.2535,9.9506,0.12305,6.992,7.837,12.829,14.661
508,-0.2537,9.9575,0.12305,6.997,7.843,12.838,14.672
509,-0.254,9.9644,0.12305,7.002,7.848,12.847,14.682
510,-0.2543,9.9713,0.12305,7.007,7.854,12.856,14.693
511,-0.2545,9.9782,0.12305,7.012,7.859,12.865,14.703
512,-0.2548,9.9851,0.12305,7.017,7.865,12.874,14.714
513,-0.2551,9.992,0.12305,7.022,7.87,12.884,14.724
514,-0.2553,9.9989,0.12305,7.027,7.876,12.893,14.735
515,-0.2556,10.0058,0.12305,7.032,7.881,12.902,14.745
516,-0.2558,10.0127,0.12305,7.036,7.887,12.911,14.755
517,-0.2561,10.0196,0.12305,7.041,7.892,12.92,14.766
518,-0.2564,10.0265,0.12306,7.046,7.898,12.929,14.777
519,-0.2566,10.0334,0.12306,7.051,7.903,12.938,14.787
520,-0.2569,10.0402,0.12306,7.056,7.909,12.947,14.798
521,-0.2571,10.0471,0.12306,7.061,7.914,12.956,14.808
522,-0.2574,10.054,0.12306,7.066,7.92,12.965,14.819
523,-0.2577,10.0609,0.12306,7.071,7.925,12.974,14.829
524,-0.2579,10.0678,0.12306,7.076,7.931,12.983,14.84
525,-0.2582,10.0746,0.12306,7.081,7.936,12.992,14.85
526,-0.2584,10.0815,0.12306,7.086,7.941,13.001,14.86
527,-0.2587,10.0884,0.12307,7.091,7.947,13.01,14.871
528,-0.2589,10.0953,0.12307,7.095,7.952,13.019,14.882
529,-0.2592,10.1021,0.12307,7.1,7.958,13.028,14.892
530,-0.2594,10.109,0.12307,7.105,7.963,13.037,14.903
531,-0.2597,10.1159,0.12307,7.11,7.969,13.046,14.913
532,-0.2599,10.1227,0.12307,7.115,7.974,13.055,14.923
533,-0.2601,10.1296,0.12307,7.12,7.98,13.064,14.934
534,-0.2604,10.1365,0.12307,7.125,7.985,13.073,14.944
535,-0.2606,10.1433,0.12308,7.13,7.99,13.082,14.955
536,-0.2609,10.1502,0.12308,7.135,7.996,13.091,14.966
537,-0.2611,10.157,0.12308,7.14,8.001,13.1,14.976
538,-0.2614,10.1639,0.12308,7.145,8.007,13.109,14.986
539,-0.2616,10.1707,0.12308,7.149,8.012,13.118,14.997
540,-0.2618,10.1776,0.12308,7.154,8.018,13.127,15.007
541,-0.2621,10.1845,0.12308,7.159,8.023,13.136,15.018
542,-0.2623,10.1913,0.12309,7.164,8.028,13.145,15.028
543,-0.2625,10.1982,0.12309,7.169,8.034,13.154,15.039
544,-0.2628,10.205,0.12309,7.174,8.039,13.163,15.049
545,-0.263,10.2119,0.12309,7.179,8.045,13.172,15.059
546,-0.2632,10.2187,0.12309,7.184,8.05,13.18,15.07
547,-0.2635,10.2255,0.12309,7.189,8.056,13.189,15.08
548,-0.2637,10.2324,0.12309,7.194,8.061,13.198,15.091
549,-0.2639,10.2392,0.1231,7.198,8.066,13.208,15.101
550,-0.2642,10.2461,0.1231,7.203,8.072,13.217,15.112
551,-0.2644,10.2529,0.1231,7.208,8.077,13.225,15.122
552,-0.2646,10.2597,0.1231,7.213,8.083,13.234,15.132
553,-0.2649,10.2666,0.1231,7.218,8.088,13.243,15.143
554,-0.2651,10.2734,0.1231,7.223,8.093,13.252,15.153
555,-0.2653,10.2803,0.12311,7.227,8.099,13.261,15.164
556,-0.2655,10.2871,0.12311,7.232,8.104,13.27,15.174
557,-0.2658,10.2939,0.12311,7.237,8.11,13.279,15.185
558,-0.266,10.3008,0.12311,7.242,8.115,13.288,15.195
559,-0.2662,10.3076,0.12311,7.247,8.121,13.297,15.205
560,-0.2664,10.3144,0.12311,7.252,8.126,13.306,15.216
561,-0.2666,10.3213,0.12312,7.257,8.131,13.315,15.227
562,-0.2669,10.3281,0.12312,7.262,8.137,13.324,15.237
563,-0.2671,10.3349,0.12312,7.266,8.142,13.333,15.247
564,-0.2673,10.3417,0.12312,7.271,8.147,13.342,15.258
565,-0.2675,10.3486,0.12312,7.276,8.153,13.351,15.268
566,-0.2677,10.3554,0.12313,7.281,8.158,13.36,15.279
567,-0.2679,10.3622,0.12313,7.286,8.164,13.369,15.289
568,-0.2682,10.369,0.12313,7.291,8.169,13.378,15.299
569,-0.2684,10.3759,0.12313,7.296,8.175,13.387,15.31
570,-0.2686,10.3827,0.12313,7.301,8.18,13.396,15.32
571,-0.2688,10.3895,0.12314,7.305,8.185,13.405,15.331
572,-0.269,10.3963,0.12314,7.31,8.191,13.414,15.341
573,-0.2692,10.4031,0.12314,7.315,8.196,13.422,15.351
574,-0.2694,10.41,0.12314,7.32,8.201,13.431,15.362
575,-0.2696,10.4168,0.12314,7.325,8.207,13.44,15.372
576,-0.2698,10.4236,0.12315,7.329,8.212,13.449,15.383
577,-0.27,10.4304,0.12315,7.334,8.218,13.458,15.393
578,-0.2702,10.4372,0.12315,7.339,8.223,13.467,15.403
579,-0.2705,10.444,0.12315,7.344,8.228,13.476,15.414
580,-0.2707,10.4508,0.12316,7.349,8.234,13.485,15.425
581,-0.2709,10.4577,0.12316,7.354,8.239,13.494,15.435
582,-0.2711,10.4645,0.12316,7.359,8.244,13.503,15.445
583,-0.2713,10.4713,0.12316,7.363,8.25,13.512,15.456
584,-0.2715,10.4781,0.12316,7.368,8.255,13.521,15.466
585,-0.2717,10.4849,0.12317,7.373,8.261,13.53,15.477
586,-0.2719,10.4917,0.12317,7.378,8.266,13.539,15.487
587,-0.2721,10.4985,0.12317,7.383,8.271,13.548,15.497
588,-0.2723,10.5053,0.12317,7.388,8.277,13.557,15.508
589,-0.2725,10.5121,0.12318,7.392,8.282,13.566,15.518
590,-0.2727,10.5189,0.12318,7.397,8.287,13.575,15.529
591,-0.2729,10.5257,0.12318,7.402,8.293,13.583,15.539
592,-0.273,10.5325,0.12319,7.407,8.298,13.593,15.55
593,-0.2732,10.5393,0.12319,7.411,8.303,13.601,15.56
594,-0.2734,10.5461,0.12319,7.416,8.309,13.61,15.57
595,-0.2736,10.5529,0.12319,7.421,8.314,13.619,15.58
596,-0.2738,10.5597,0.1232,7.426,8.319,13.628,15.591
597,-0.274,10.5665,0.1232,7.431,8.325,13.637,15.602
598,-0.2742,10.5733,0.1232,7.436,8.33,13.646,15.612
599,-0.2744,10.5801,0.1232,7.441,8.336,13.655,15.622
600,-0.2746,10.5869,0.12321,7.445,8.341,13.664,15.633
601,-0.2748,10.5937,0.12321,7.45,8.346,13.673,15.643
602,-0.275,10.6005,0.12321,7.455,8.352,13.682,15.654
603,-0.2751,10.6073,0.12322,7.46,8.357,13.691,15.664
604,-0.2753,10.6141,0.12322,7.464,8.362,13.7,15.674
605,-0.2755,10.6209,0.12322,7.469,8.368,13.709,15.685
606,-0.2757,10.6277,0.12323,7.474,8.373,13.718,15.696
607,-0.2759,10.6345,0.12323,7.479,8.378,13.727,15.706
608,-0.2761,10.6413,0.12323,7.484,8.384,13.736,15.716
609,-0.2763,10.6481,0.12324,7.488,8.389,13.745,15.727
610,-0.2764,10.6549,0.12324,7.493,8.394,13.754,15.737
611,-0.2766,10.6617,0.12324,7.498,8.4,13.762,15.747
612,-0.2768,10.6685,0.12325,7.503,8.405,13.772,15.758
613,-0.277,10.6753,0.12325,7.508,8.411,13.78,15.769
614,-0.2772,10.6821,0.12325,7.512,8.416,13.789,15.779
615,-0.2773,10.6889,0.12326,7.517,8.421,13.798,15.79
616,-0.2775,10.6957,0.12326,7.522,8.427,13.807,15.8
617,-0.2777,10.7025,0.12326,7.527,8.432,13.816,15.81
618,-0.2779,10.7093,0.12327,7.532,8.437,13.825,15.821
619,-0.278,10.7161,0.12327,7.536,8.443,13.834,15.831
620,-0.2782,10.7229,0.12327,7.541,8.448,13.843,15.841
621,-0.2784,10.7297,0.12328,7.546,8.453,13.852,15.852
622,-0.2786,10.7365,0.12328,7.551,8.459,13.861,15.863
623,-0.2787,10.7433,0.12328,7.556,8.464,13.87,15.873
624,-0.2789,10.7501,0.12329,7.56,8.469,13.879,15.884
625,-0.2791,10.7569,0.12329,7.565,8.475,13.888,15.894
626,-0.2793,10.7637,0.1233,7.57,8.48,13.897,15.905
627,-0.2794,10.7705,0.1233,7.575,8.485,13.906,15.915
628,-0.2796,10.7773,0.1233,7.579,8.491,13.915,15.925
629,-0.2798,10.7841,0.12331,7.584,8.496,13.924,15.936
630,-0.2799,10.7909,0.12331,7.589,8.501,13.933,15.946
631,-0.2801,10.7977,0.12332,7.594,8.507,13.942,15.957
632,-0.2803,10.8045,0.12332,7.599,8.512,13.951,15.967
633,-0.2804,10.8113,0.12332,7.603,8.517,13.96,15.977
634,-0.2806,10.8181,0.12333,7.608,8.523,13.969,15.988
635,-0.2808,10.8249,0.12333,7.613,8.528,13.978,15.999
636,-0.2809,10.8317,0.12334,7.618,8.533,13.987,16.009
637,-0.2811,10.8385,0.12334,7.622,8.539,13.996,16.02
638,-0.2813,10.8453,0.12335,7.627,8.544,14.005,16.03
639,-0.2814,10.8521,0.12335,7.632,8.549,14.014,16.041
640,-0.2816,10.8589,0.12336,7.637,8.555,14.023,16.052
641,-0.2818,10.8657,0.12336,7.641,8.56,14.032,16.062
642,-0.2819,10.8725,0.12336,7.646,8.565,14.041,16.072
643,-0.2821,10.8793,0.12337,7.651,8.571,14.05,16.083
644,-0.2822,10.8861,0.12337,7.656,8.576,14.059,16.093
645,-0.2824,10.8929,0.12338,7.66,8.581,14.068,16.104
646,-0.2826,10.8997,0.12338,7.665,8.587,14.077,16.114
647,-0.2827,10.9065,0.12339,7.67,8.592,14.086,16.125
648,-0.2829,10.9133,0.12339,7.675,8.597,14.095,16.135
649,-0.283,10.9202,0.1234,7.679,8.602,14.104,16.146
650,-0.2832,10.927,0.1234,7.684,8.608,14.113,16.156
651,-0.2834,10.9338,0.12341,7.689,8.613,14.122,16.167
652,-0.2835,10.9406,0.12341,7.694,8.619,14.131,16.177
653,-0.2837,10.9474,0.12342,7.699,8.624,14.14,16.188
654,-0.2838,10.9542,0.12342,7.703,8.629,14.149,16.198
655,-0.284,10.961,0.12343,7.708,8.634,14.158,16.209
656,-0.2841,10.9679,0.12343,7.713,8.64,14.167,16.22
657,-0.2843,10.9747,0.12344,7.718,8.645,14.176,16.231
658,-0.2844,10.9815,0.12344,7.722,8.65,14.185,16.241
659,-0.2846,10.9883,0.12345,7.727,8.656,14.194,16.252
660,-0.2847,10.9951,0.12345,7.732,8.661,14.203,16.262
661,-0.2849,11.0019,0.12346,7.737,8.666,14.212,16.273
662,-0.285,11.0088,0.12346,7.741,8.672,14.221,16.283
663,-0.2852,11.0156,0.12347,7.746,8.677,14.23,16.294
664,-0.2853,11.0224,0.12347,7.751,8.682,14.239,16.304
665,-0.2855,11.0292,0.12348,7.756,8.688,14.248,16.315
666,-0.2856,11.036,0.12348,7.76,8.693,14.257,16.325
667,-0.2858,11.0429,0.12349,7.765,8.698,14.267,16.336
668,-0.2859,11.0497,0.1235,7.77,8.704,14.276,16.347
669,-0.2861,11.0565,0.1235,7.775,8.709,14.285,16.357
670,-0.2862,11.0633,0.12351,7.779,8.714,14.294,16.368
671,-0.2864,11.0702,0.12351,7.784,8.72,14.303,16.378
672,-0.2865,11.077,0.12352,7.789,8.725,14.312,16.389
673,-0.2866,11.0838,0.12352,7.794,8.73,14.321,16.399
674,-0.2868,11.0906,0.12353,7.798,8.736,14.33,16.41
675,-0.2869,11.0975,0.12353,7.803,8.741,14.339,16.42
676,-0.2871,11.1043,0.12354,7.808,8.746,14.348,16.431
677,-0.2872,11.1111,0.12355,7.813,8.751,14.357,16.442
678,-0.2874,11.118,0.12355,7.817,8.757,14.366,16.453
679,-0.2875,11.1248,0.12356,7.822,8.762,14.375,16.463
680,-0.2876,11.1316,0.12356,7.827,8.768,14.384,16.474
681,-0.2878,11.1384,0.12357,7.832,8.773,14.393,16.484
682,-0.2879,11.1453,0.12358,7.836,8.778,14.403,16.495
683,-0.2881,11.1521,0.12358,7.841,8.783,14.412,16.506
684,-0.2882,11.1589,0.12359,7.846,8.789,14.421,16.516
685,-0.2883,11.1658,0.12359,7.851,8.794,14.43,16.527
686,-0.2885,11.1726,0.1236,7.855,8.799,14.439,16.538
687,-0.2886,11.1795,0.12361,7.86,8.805,14.448,16.548
688,-0.2887,11.1863,0.12361,7.865,8.81,14.457,16.559
689,-0.2889,11.1931,0.12362,7.869,8.815,14.466,16.57
690,-0.289,11.2,0.12362,7.874,8.821,14.475,16.58
691,-0.2891,11.2068,0.12363,7.879,8.826,14.484,16.591
692,-0.2893,11.2137,0.12364,7.884,8.831,14.494,16.602
693,-0.2894,11.2205,0.12364,7.889,8.837,14.502,16.612
694,-0.2895,11.2273,0.12365,7.893,8.842,14.512,16.623
695,-0.2897,11.2342,0.12366,7.898,8.847,14.521,16.634
696,-0.2898,11.241,0.12366,7.903,8.853,14.53,16.644
697,-0.2899,11.2479,0.12367,7.907,8.858,14.539,16.655
698,-0.2901,11.2547,0.12367,7.912,8.863,14.548,16.665
699,-0.2902,11.2616,0.12368,7.917,8.869,14.557,16.676
700,-0.2903,11.2684,0.12369,7.922,8.874,14.566,16.687
701,-0.2905,11.2753,0.12369,7.927,8.879,14.575,16.697
702,-0.2906,11.2821,0.1237,7.931,8.884,14.585,16.708
703,-0.2907,11.2889,0.12371,7.936,8.89,14.594,16.719
704,-0.2909,11.2958,0.12371,7.941,8.895,14.603,16.729
705,-0.291,11.3026,0.12372,7.945,8.9,14.612,16.74
706,-0.2911,11.3095,0.12373,7.95,8.906,14.621,16.751
707,-0.2912,11.3163,0.12373,7.955,8.911,14.63,16.761
708,-0.2914,11.3232,0.12374,7.96,8.916,14.639,16.772
709,-0.2915,11.33,0.12375,7.964,8.922,14.648,16.783
710,-0.2916,11.3369,0.12375,7.969,8.927,14.657,16.793
711,-0.2917,11.3438,0.12376,7.974,8.932,14.667,16.804
712,-0.2919,11.3506,0.12377,7.978,8.938,14.676,16.815
713,-0.292,11.3575,0.12377,7.983,8.943,14.685,16.826
714,-0.2921,11.3643,0.12378,7.988,8.948,14.694,16.836
715,-0.2922,11.3712,0.12379,7.993,8.954,14.703,16.847
716,-0.2924,11.378,0.12379,7.997,8.959,14.712,16.858
717,-0.2925,11.3849,0.1238,8.002,8.964,14.722,16.869
718,-0.2926,11.3917,0.12381,8.007,8.969,14.731,16.879
719,-0.2927,11.3986,0.12382,8.011,8.975,14.74,16.89
720,-0.2928,11.4055,0.12382,8.016,8.98,14.749,16.901
721,-0.293,11.4123,0.12383,8.021,8.985,14.758,16.912
722,-0.2931,11.4192,0.12384,8.026,8.991,14.767,16.922
723,-0.2932,11.426,0.12384,8.031,8.996,14.776,16.933
724,-0.2933,11.4329,0.12385,8.035,9.001,14.786,16.944
725,-0.2934,11.4397,0.12386,8.04,9.007,14.795,16.954
726,-0.2936,11.4466,0.12387,8.045,9.012,14.804,16.965
727,-0.2937,11.4535,0.12387,8.049,9.017,14.813,16.976
728,-0.2938,11.4603,0.12388,8.054,9.023,14.822,16.987
729,-0.2939,11.4672,0.12389,8.059,9.028,14.832,16.998
730,-0.294,11.4741,0.12389,8.064,9.033,14.841,17.008
731,-0.2942,11.4809,0.1239,8.068,9.039,14.85,17.019
732,-0.2943,11.4878,0.12391,8.073,9.044,14.859,17.03
733,-0.2944,11.4946,0.12392,8.078,9.049,14.868,17.041
734,-0.2945,11.5015,0.12392,8.082,9.055,14.877,17.051
735,-0.2946,11.5084,0.12393,8.087,9.06,14.886,17.062
736,-0.2947,11.5152,0.12394,8.092,9.065,14.896,17.073
737,-0.2948,11.5221,0.12395,8.096,9.07,14.905,17.084
738,-0.295,11.529,0.12395,8.101,9.076,14.914,17.094
739,-0.2951,11.5358,0.12396,8.106,9.081,14.923,17.105
740,-0.2952,11.5427,0.12397,8.111,9.086,14.932,17.116
741,-0.2953,11.5496,0.12398,8.115,9.092,14.942,17.127
742,-0.2954,11.5564,0.12399,8.12,9.097,14.951,17.138
743,-0.2955,11.5633,0.12399,8.125,9.102,14.96,17.148
744,-0.2956,11.5702,0.124,8.13,9.108,14.969,17.159
745,-0.2957,11.577,0.12401,8.134,9.113,14.978,17.17
746,-0.2959,11.5839,0.12402,8.139,9.118,14.988,17.181
747,-0.296,11.5907,0.12402,8.144,9.123,14.997,17.191
748,-0.2961,11.5976,0.12403,8.148,9.129,15.006,17.202
749,-0.2962,11.6045,0.12404,8.153,9.134,15.015,17.213
750,-0.2963,11.6113,0.12405,8.158,9.139,15.024,17.224
751,-0.2964,11.6182,0.12406,8.162,9.144,15.034,17.235
752,-0.2965,11.6251,0.12406,8.167,9.15,15.043,17.245
753,-0.2966,11.6319,0.12407,8.172,9.155,15.052,17.256
754,-0.2967,11.6388,0.12408,8.176,9.16,15.061,17.267
755,-0.2968,11.6456,0.12409,8.181,9.166,15.07,17.278
756,-0.2969,11.6525,0.1241,8.186,9.171,15.08,17.289
757,-0.297,11.6594,0.1241,8.191,9.176,15.089,17.299
758,-0.2972,11.6662,0.12411,8.195,9.182,15.098,17.31
759,-0.2973,11.6731,0.12412,8.2,9.187,15.107,17.321
760,-0.2974,11.6799,0.12413,8.205,9.192,15.116,17.332
761,-0.2975,11.6868,0.12414,8.209,9.197,15.126,17.343
762,-0.2976,11.6937,0.12415,8.214,9.203,15.135,17.354
763,-0.2977,11.7005,0.12415,8.219,9.208,15.144,17.364
764,-0.2978,11.7074,0.12416,8.223,9.213,15.153,17.375
765,-0.2979,11.7142,0.12417,8.228,9.219,15.162,17.386
766,-0.298,11.7211,0.12418,8.233,9.224,15.172,17.397
767,-0.2981,11.7279,0.12419,8.237,9.229,15.181,17.408
768,-0.2982,11.7348,0.1242,8.242,9.234,15.19,17.418
769,-0.2983,11.7416,0.12421,8.247,9.24,15.199,17.429
770,-0.2984,11.7485,0.12421,8.251,9.245,15.208,17.44
771,-0.2985,11.7553,0.12422,8.256,9.25,15.217,17.451
772,-0.2986,11.7622,0.12423,8.261,9.255,15.227,17.461
773,-0.2987,11.769,0.12424,8.265,9.261,15.236,17.472
774,-0.2988,11.7759,0.12425,8.27,9.266,15.245,17.483
775,-0.2989,11.7827,0.12426,8.275,9.271,15.254,17.494
776,-0.299,11.7896,0.12427,8.279,9.276,15.264,17.505
777,-0.2991,11.7964,0.12428,8.284,9.282,15.273,17.516
778,-0.2992,11.8033,0.12429,8.289,9.287,15.282,17.527
779,-0.2993,11.8101,0.12429,8.293,9.292,15.291,17.537
780,-0.2994,11.817,0.1243,8.298,9.298,15.3,17.548
781,-0.2995,11.8238,0.12431,8.303,9.303,15.31,17.559
782,-0.2996,11.8307,0.12432,8.307,9.308,15.319,17.57
783,-0.2997,11.8375,0.12433,8.312,9.313,15.328,17.581
784,-0.2998,11.8443,0.12434,8.317,9.318,15.337,17.592
785,-0.2999,11.8512,0.12435,8.321,9.324,15.347,17.603
786,-0.3,11.858,0.12436,8.326,9.329,15.356,17.613
787,-0.3001,11.8648,0.12437,8.33,9.334,15.365,17.624
788,-0.3002,11.8717,0.12438,8.335,9.339,15.374,17.635
789,-0.3003,11.8785,0.12439,8.34,9.345,15.383,17.646
790,-0.3004,11.8853,0.1244,8.344,9.35,15.393,17.657
791,-0.3005,11.8922,0.12441,8.349,9.355,15.402,17.668
792,-0.3006,11.899,0.12441,8.354,9.361,15.411,17.678
793,-0.3007,11.9058,0.12442,8.358,9.366,15.42,17.689
794,-0.3007,11.9126,0.12443,8.363,9.371,15.429,17.7
795,-0.3008,11.9194,0.12444,8.368,9.376,15.438,17.711
796,-0.3009,11.9263,0.12445,8.372,9.381,15.448,17.722
797,-0.301,11.9331,0.12446,8.377,9.387,15.457,17.732
798,-0.3011,11.9399,0.12447,8.381,9.392,15.466,17.743
799,-0.3012,11.9467,0.12448,8.386,9.397,15.475,17.754
800,-0.3013,11.9535,0.12449,8.391,9.402,15.484,17.765
801,-0.3014,11.9603,0.1245,8.395,9.407,15.494,17.776
802,-0.3015,11.9671,0.12451,8.4,9.413,15.503,17.787
803,-0.3016,11.9739,0.12452,8.404,9.418,15.512,17.798
804,-0.3017,11.9808,0.12453,8.409,9.423,15.521,17.809
805,-0.3018,11.9876,0.12454,8.414,9.428,15.531,17.819
806,-0.3019,11.9944,0.12455,8.418,9.433,15.54,17.83
807,-0.3019,12.0011,0.12456,8.423,9.439,15.549,17.841
808,-0.302,12.0079,0.12457,8.427,9.444,15.558,17.852
809,-0.3021,12.0147,0.12458,8.432,9.449,15.567,17.863
810,-0.3022,12.0215,0.12459,8.437,9.454,15.576,17.873
811,-0.3023,12.0283,0.1246,8.441,9.459,15.586,17.884
812,-0.3024,12.0351,0.12461,8.446,9.465,15.595,17.895
813,-0.3025,12.0419,0.12462,8.45,9.47,15.604,17.906
814,-0.3026,12.0487,0.12463,8.455,9.475,15.613,17.917
815,-0.3027,12.0554,0.12465,8.459,9.48,15.623,17.928
816,-0.3027,12.0622,0.12466,8.464,9.485,15.632,17.939
817,-0.3028,12.069,0.12467,8.468,9.49,15.641,17.95
818,-0.3029,12.0758,0.12468,8.473,9.495,15.65,17.961
819,-0.303,12.0825,0.12469,8.477,9.501,15.659,17.971
820,-0.3031,12.0893,0.1247,8.482,9.506,15.668,17.982
821,-0.3032,12.0961,0.12471,8.487,9.511,15.678,17.993
822,-0.3033,12.1028,0.12472,8.491,9.516,15.687,18.004
823,-0.3033,12.1096,0.12473,8.496,9.521,15.696,18.015
824,-0.3034,12.1163,0.12474,8.5,9.526,15.705,18.025
825,-0.3035,12.1231,0.12475,8.505,9.532,15.714,18.036
826,-0.3036,12.1298,0.12476,8.509,9.537,15.723,18.047
827,-0.3037,12.1366,0.12477,8.514,9.542,15.732,18.058
828,-0.3038,12.1433,0.12479,8.518,9.547,15.742,18.069
829,-0.3039,12.15,0.1248,8.523,9.552,15.751,18.08
830,-0.3039,12.1568,0.12481,8.527,9.557,15.76,18.091
831,-0.304,12.1635,0.12482,8.532,9.562,15.769,18.101
832,-0.3041,12.1702,0.12483,8.536,9.567,15.778,18.112
833,-0.3042,12.177,0.12484,8.541,9.573,15.788,18.123
834,-0.3043,12.1837,0.12485,8.545,9.578,15.797,18.134
835,-0.3044,12.1904,0.12486,8.55,9.583,15.806,18.144
836,-0.3044,12.1971,0.12487,8.554,9.588,15.815,18.155
837,-0.3045,12.2039,0.12489,8.559,9.593,15.824,18.166
838,-0.3046,12.2106,0.1249,8.563,9.598,15.833,18.177
839,-0.3047,12.2173,0.12491,8.568,9.603,15.842,18.188
840,-0.3048,12.224,0.12492,8.572,9.608,15.852,18.199
841,-0.3048,12.2307,0.12493,8.577,9.613,15.861,18.209
842,-0.3049,12.2374,0.12494,8.581,9.618,15.87,18.22
843,-0.305,12.2441,0.12495,8.586,9.624,15.879,18.231
844,-0.3051,12.2508,0.12497,8.59,9.628,15.888,18.242
845,-0.3052,12.2575,0.12498,8.595,9.634,15.897,18.253
846,-0.3052,12.2642,0.12499,8.599,9.639,15.906,18.263
847,-0.3053,12.2709,0.125,8.604,9.644,15.915,18.274
848,-0.3054,12.2775,0.12501,8.608,9.649,15.924,18.285
849,-0.3055,12.2842,0.12503,8.612,9.654,15.934,18.296
850,-0.3056,12.2909,0.12504,8.617,9.659,15.943,18.307
851,-0.3056,12.2976,0.12505,8.621,9.664,15.952,18.318
852,-0.3057,12.3042,0.12506,8.626,9.669,15.961,18.328
853,-0.3058,12.3109,0.12507,8.63,9.674,15.97,18.339
854,-0.3059,12.3176,0.12509,8.635,9.679,15.979,18.35
855,-0.3059,12.3242,0.1251,8.639,9.684,15.988,18.361
856,-0.306,12.3309,0.12511,8.644,9.689,15.997,18.371
857,-0.3061,12.3375,0.12512,8.648,9.694,16.006,18.382
858,-0.3062,12.3442,0.12513,8.652,9.699,16.015,18.393
859,-0.3063,12.3508,0.12515,8.657,9.704,16.025,18.404
860,-0.3063,12.3575,0.12516,8.661,9.709,16.034,18.415
861,-0.3064,12.3641,0.12517,8.666,9.714,16.043,18.425
862,-0.3065,12.3707,0.12518,8.67,9.719,16.052,18.436
863,-0.3066,12.3774,0.1252,8.674,9.724,16.061,18.447
864,-0.3066,12.384,0.12521,8.679,9.729,16.07,18.458
865,-0.3067,12.3906,0.12522,8.683,9.734,16.079,18.468
866,-0.3068,12.3973,0.12523,8.688,9.739,16.088,18.479
867,-0.3069,12.4039,0.12525,8.692,9.744,16.097,18.49
868,-0.3069,12.4105,0.12526,8.696,9.749,16.106,18.501
869,-0.307,12.4171,0.12527,8.701,9.754,16.115,18.511
870,-0.3071,12.4237,0.12528,8.705,9.759,16.124,18.522
871,-0.3072,12.4303,0.1253,8.709,9.764,16.134,18.533
872,-0.3072,12.4369,0.12531,8.714,9.769,16.143,18.544
873,-0.3073,12.4435,0.12532,8.718,9.774,16.152,18.554
874,-0.3074,12.4501,0.12533,8.723,9.779,16.161,18.565
875,-0.3074,12.4567,0.12535,8.727,9.784,16.17,18.576
876,-0.3075,12.4633,0.12536,8.731,9.789,16.179,18.587
877,-0.3076,12.4699,0.12537,8.736,9.794,16.188,18.597
878,-0.3077,12.4765,0.12539,8.74,9.799,16.197,18.609
879,-0.3077,12.4831,0.1254,8.744,9.804,16.206,18.619
880,-0.3078,12.4896,0.12541,8.749,9.809,16.215,18.63
881,-0.3079,12.4962,0.12543,8.753,9.814,16.224,18.641
882,-0.308,12.5028,0.12544,8.757,9.819,16.233,18.652
883,-0.308,12.5093,0.12545,8.762,9.824,16.242,18.662
884,-0.3081,12.5159,0.12547,8.766,9.829,16.251,18.673
885,-0.3082,12.5225,0.12548,8.77,9.834,16.26,18.684
886,-0.3082,12.529,0.12549,8.775,9.838,16.269,18.694
887,-0.3083,12.5356,0.12551,8.779,9.843,16.278,18.705
888,-0.3084,12.5421,0.12552,8.783,9.848,16.287,18.716
889,-0.3085,12.5487,0.12553,8.788,9.853,16.296,18.727
890,-0.3085,12.5552,0.12555,8.792,9.858,16.305,18.737
891,-0.3086,12.5617,0.12556,8.796,9.863,16.314,18.748
892,-0.3087,12.5683,0.12557,8.801,9.868,16.323,18.759
893,-0.3087,12.5748,0.12559,8.805,9.873,16.332,18.77
894,-0.3088,12.5813,0.1256,8.809,9.878,16.341,18.78
895,-0.3089,12.5879,0.12561,8.813,9.883,16.35,18.791
896,-0.3089,12.5944,0.12563,8.817,9.887,16.359,18.802
897,-0.309,12.6009,0.12564,8.822,9.892,16.368,18.812
898,-0.3091,12.6074,0.12566,8.826,9.897,16.377,18.823
899,-0.3091,12.6139,0.12567,8.83,9.902,16.386,18.834
900,-0.3092,12.6204,0.12568,8.835,9.907,16.395,18.844
901,-0.3093,12.6269,0.1257,8.839,9.912,16.404,18.855
902,-0.3093,12.6334,0.12571,8.843,9.917,16.413,18.866
903,-0.3094,12.6399,0.12573,8.847,9.921,16.422,18.877
904,-0.3095,12.6464,0.12574,8.852,9.926,16.431,18.887
905,-0.3095,12.6529,0.12575,8.856,9.931,16.44,18.898
906,-0.3096,12.6594,0.12577,8.86,9.936,16.449,18.909
907,-0.3097,12.6659,0.12578,8.864,9.941,16.458,18.919
908,-0.3097,12.6723,0.1258,8.868,9.946,16.467,18.93
909,-0.3098,12.6788,0.12581,8.873,9.951,16.476,18.941
910,-0.3099,12.6853,0.12583,8.877,9.955,16.485,18.952
911,-0.3099,12.6918,0.12584,8.881,9.96,16.494,18.962
912,-0.31,12.6982,0.12585,8.885,9.965,16.503,18.973
913,-0.3101,12.7047,0.12587,8.89,9.97,16.512,18.984
914,-0.3101,12.7111,0.12588,8.894,9.975,16.521,18.994
915,-0.3102,12.7176,0.1259,8.898,9.98,16.53,19.005
916,-0.3103,12.724,0.12591,8.902,9.984,16.539,19.015
917,-0.3103,12.7305,0.12593,8.906,9.989,16.548,19.027
918,-0.3104,12.7369,0.12594,8.911,9.994,16.556,19.037
919,-0.3105,12.7434,0.12596,8.915,9.999,16.566,19.048
920,-0.3105,12.7498,0.12597,8.919,10.004,16.574,19.058
921,-0.3106,12.7563,0.12599,8.923,10.008,16.584,19.069
922,-0.3107,12.7627,0.126,8.927,10.013,16.592,19.08
923,-0.3107,12.7691,0.12602,8.931,10.018,16.601,19.091
924,-0.3108,12.7755,0.12603,8.936,10.023,16.61,19.101
925,-0.3109,12.782,0.12605,8.94,10.027,16.619,19.112
926,-0.3109,12.7884,0.12606,8.944,10.032,16.628,19.122
927,-0.311,12.7948,0.12608,8.948,10.037,16.637,19.133
928,-0.311,12.8012,0.12609,8.952,10.042,16.646,19.144
929,-0.3111,12.8076,0.12611,8.956,10.047,16.655,19.155
930,-0.3112,12.814,0.12612,8.961,10.051,16.664,19.165
931,-0.3112,12.8204,0.12614,8.965,10.056,16.673,19.176
932,-0.3113,12.8268,0.12615,8.969,10.061,16.681,19.186
933,-0.3114,12.8332,0.12617,8.973,10.066,16.691,19.197
934,-0.3114,12.8396,0.12618,8.977,10.07,16.699,19.208
935,-0.3115,12.846,0.1262,8.981,10.075,16.708,19.219
936,-0.3116,12.8524,0.12621,8.986,10.08,16.717,19.229
937,-0.3116,12.8588,0.12623,8.99,10.085,16.726,19.24
938,-0.3117,12.8651,0.12625,8.994,10.089,16.735,19.251
939,-0.3117,12.8715,0.12626,8.998,10.094,16.744,19.261
940,-0.3118,12.8779,0.12628,9.002,10.099,16.753,19.272
941,-0.3119,12.8843,0.12629,9.006,10.104,16.762,19.283
942,-0.3119,12.8906,0.12631,9.01,10.108,16.771,19.293
943,-0.312,12.897,0.12632,9.014,10.113,16.779,19.304
944,-0.312,12.9033,0.12634,9.018,10.118,16.788,19.314
945,-0.3121,12.9097,0.12636,9.022,10.122,16.797,19.326
946,-0.3122,12.9161,0.12637,9.027,10.127,16.806,19.336
947,-0.3122,12.9224,0.12639,9.03,10.132,16.815,19.347
948,-0.3123,12.9288,0.1264,9.035,10.136,16.824,19.357
949,-0.3123,12.9351,0.12642,9.039,10.141,16.833,19.368
950,-0.3124,12.9415,0.12644,9.043,10.146,16.842,19.379
951,-0.3125,12.9478,0.12645,9.047,10.15,16.85,19.389
952,-0.3125,12.9541,0.12647,9.051,10.155,16.859,19.4
953,-0.3126,12.9605,0.12648,9.055,10.16,16.868,19.41
954,-0.3126,12.9668,0.1265,9.059,10.164,16.877,19.421
955,-0.3127,12.9732,0.12652,9.063,10.169,16.886,19.432
956,-0.3128,12.9795,0.12653,9.067,10.174,16.895,19.442
957,-0.3128,12.9858,0.12655,9.071,10.178,16.904,19.453
958,-0.3129,12.9921,0.12656,9.075,10.183,16.912,19.463
959,-0.3129,12.9985,0.12658,9.079,10.188,16.921,19.474
960,-0.313,13.0048,0.1266,9.083,10.192,16.93,19.485
961,-0.3131,13.0111,0.12661,9.088,10.197,16.939,19.496
962,-0.3131,13.0174,0.12663,9.092,10.202,16.948,19.506
963,-0.3132,13.0237,0.12665,9.096,10.206,16.957,19.517
964,-0.3132,13.03,0.12666,9.1,10.211,16.966,19.527
965,-0.3133,13.0363,0.12668,9.104,10.216,16.975,19.538
966,-0.3134,13.0427,0.1267,9.108,10.22,16.984,19.549
967,-0.3134,13.049,0.12671,9.112,10.225,16.992,19.559
968,-0.3135,13.0553,0.12673,9.116,10.23,17.001,19.57
969,-0.3135,13.0616,0.12675,9.12,10.234,17.01,19.581
970,-0.3136,13.0679,0.12676,9.124,10.239,17.019,19.591
971,-0.3136,13.0742,0.12678,9.128,10.244,17.028,19.602
972,-0.3137,13.0804,0.1268,9.132,10.248,17.037,19.613
973,-0.3138,13.0867,0.12681,9.136,10.253,17.045,19.623
974,-0.3138,13.093,0.12683,9.14,10.257,17.054,19.634
975,-0.3139,13.0993,0.12685,9.144,10.262,17.063,19.645
976,-0.3139,13.1056,0.12687,9.148,10.267,17.072,19.656
977,-0.314,13.1119,0.12688,9.152,10.271,17.081,19.666
978,-0.314,13.1182,0.1269,9.156,10.276,17.09,19.677
979,-0.3141,13.1245,0.12692,9.16,10.281,17.099,19.688
980,-0.3142,13.1307,0.12693,9.164,10.285,17.107,19.698
981,-0.3142,13.137,0.12695,9.168,10.29,17.116,19.709
982,-0.3143,13.1433,0.12697,9.172,10.294,17.125,19.72
983,-0.3143,13.1496,0.12699,9.176,10.299,17.134,19.731
984,-0.3144,13.1558,0.127,9.18,10.304,17.143,19.741
985,-0.3144,13.1621,0.12702,9.184,10.308,17.152,19.752
986,-0.3145,13.1684,0.12704,9.188,10.313,17.161,19.763
987,-0.3145,13.1746,0.12706,9.192,10.317,17.17,19.773
988,-0.3146,13.1809,0.12707,9.196,10.322,17.178,19.783
989,-0.3147,13.1872,0.12709,9.2,10.327,17.187,19.794
990,-0.3147,13.1934,0.12711,9.204,10.331,17.196,19.805
991,-0.3148,13.1997,0.12713,9.207,10.336,17.205,19.816
992,-0.3148,13.2059,0.12714,9.212,10.34,17.214,19.826
993,-0.3149,13.2122,0.12716,9.216,10.345,17.223,19.837
994,-0.3149,13.2185,0.12718,9.219,10.349,17.232,19.848
995,-0.315,13.2247,0.1272,9.223,10.354,17.24,19.859
996,-0.315,13.231,0.12721,9.227,10.359,17.249,19.869
997,-0.3151,13.2372,0.12723,9.231,10.363,17.258,19.88
998,-0.3152,13.2435,0.12725,9.235,10.368,17.267,19.891
999,-0.3152,13.2497,0.12727,9.239,10.372,17.276,19.901
1000,-0.3153,13.256,0.12729,9.243,10.377,17.285,19.912
1001,-0.3153,13.2622,0.1273,9.247,10.381,17.293,19.922
1002,-0.3154,13.2684,0.12732,9.251,10.386,17.302,19.933
1003,-0.3154,13.2747,0.12734,9.255,10.391,17.311,19.944
1004,-0.3155,13.2809,0.12736,9.259,10.395,17.32,19.955
1005,-0.3155,13.2872,0.12738,9.263,10.4,17.329,19.966
1006,-0.3156,13.2934,0.12739,9.267,10.404,17.338,19.976
1007,-0.3156,13.2996,0.12741,9.271,10.409,17.346,19.987
1008,-0.3157,13.3059,0.12743,9.275,10.413,17.355,19.998
1009,-0.3158,13.3121,0.12745,9.279,10.418,17.364,20.008
1010,-0.3158,13.3183,0.12747,9.282,10.422,17.373,20.019
1011,-0.3159,13.3246,0.12749,9.286,10.427,17.382,20.03
1012,-0.3159,13.3308,0.1275,9.29,10.431,17.391,20.04
1013,-0.316,13.337,0.12752,9.294,10.436,17.4,20.051
1014,-0.316,13.3433,0.12754,9.298,10.441,17.409,20.062
1015,-0.3161,13.3495,0.12756,9.302,10.445,17.417,20.073
1016,-0.3161,13.3557,0.12758,9.306,10.449,17.426,20.083
1017,-0.3162,13.3619,0.1276,9.31,10.454,17.435,20.094
1018,-0.3162,13.3682,0.12762,9.314,10.459,17.444,20.105
1019,-0.3163,13.3744,0.12763,9.318,10.463,17.453,20.115
1020,-0.3163,13.3806,0.12765,9.322,10.468,17.462,20.126
1021,-0.3164,13.3868,0.12767,9.325,10.472,17.471,20.137
1022,-0.3164,13.3931,0.12769,9.329,10.477,17.48,20.148
1023,-0.3165,13.3993,0.12771,9.333,10.481,17.488,20.159
1024,-0.3165,13.4055,0.12773,9.337,10.486,17.497,20.169
1025,-0.3166,13.4117,0.12775,9.341,10.49,17.506,20.18
1026,-0.3167,13.4179,0.12777,9.345,10.495,17.515,20.191
1027,-0.3167,13.4242,0.12779,9.349,10.499,17.524,20.202
1028,-0.3168,13.4304,0.12781,9.353,10.504,17.533,20.213
1029,-0.3168,13.4366,0.12782,9.357,10.508,17.541,20.223
1030,-0.3169,13.4428,0.12784,9.36,10.513,17.55,20.234
1031,-0.3169,13.449,0.12786,9.364,10.517,17.559,20.244
1032,-0.317,13.4552,0.12788,9.368,10.522,17.568,20.255
1033,-0.317,13.4614,0.1279,9.372,10.526,17.577,20.266
1034,-0.3171,13.4677,0.12792,9.376,10.531,17.586,20.277
1035,-0.3171,13.4739,0.12794,9.38,10.535,17.595,20.288
1036,-0.3172,13.4801,0.12796,9.384,10.54,17.604,20.299
1037,-0.3172,13.4863,0.12798,9.387,10.544,17.613,20.309
1038,-0.3173,13.4925,0.128,9.391,10.549,17.622,20.32
1039,-0.3173,13.4987,0.12802,9.395,10.553,17.631,20.331
1040,-0.3174,13.5049,0.12804,9.399,10.558,17.639,20.342
1041,-0.3174,13.5111,0.12806,9.403,10.562,17.648,20.353
1042,-0.3175,13.5173,0.12808,9.407,10.567,17.657,20.364
1043,-0.3175,13.5235,0.1281,9.41,10.571,17.666,20.374
1044,-0.3176,13.5297,0.12812,9.414,10.576,17.675,20.385
1045,-0.3176,13.5359,0.12814,9.418,10.58,17.684,20.396
1046,-0.3177,13.5421,0.12816,9.422,10.584,17.693,20.407
1047,-0.3177,13.5483,0.12818,9.426,10.589,17.702,20.418
1048,-0.3178,13.5545,0.12819,9.43,10.594,17.71,20.428
1049,-0.3178,13.5607,0.12821,9.434,10.598,17.719,20.439
1050,-0.3179,13.5669,0.12823,9.438,10.603,17.728,20.449
1051,-0.3179,13.5731,0.12825,9.441,10.607,17.737,20.46
1052,-0.318,13.5793,0.12827,9.445,10.611,17.746,20.471
1053,-0.318,13.5855,0.12829,9.449,10.616,17.755,20.482
1054,-0.3181,13.5917,0.12832,9.453,10.62,17.764,20.494
1055,-0.3181,13.5979,0.12834,9.457,10.625,17.773,20.504
1056,-0.3182,13.6041,0.12836,9.46,10.629,17.782,20.515
1057,-0.3182,13.6103,0.12838,9.464,10.634,17.791,20.526
1058,-0.3183,13.6165,0.1284,9.468,10.638,17.8,20.537
1059,-0.3183,13.6227,0.12842,9.472,10.643,17.809,20.548
1060,-0.3184,13.6289,0.12844,9.476,10.647,17.818,20.559
1061,-0.3184,13.6351,0.12846,9.48,10.651,17.827,20.569
1062,-0.3185,13.6413,0.12848,9.483,10.656,17.835,20.58
1063,-0.3185,13.6475,0.1285,9.487,10.66,17.844,20.591
1064,-0.3186,13.6537,0.12852,9.491,10.665,17.853,20.602
1065,-0.3186,13.6599,0.12854,9.495,10.669,17.862,20.613
1066,-0.3187,13.6661,0.12856,9.499,10.674,17.871,20.624
1067,-0.3187,13.6723,0.12858,9.503,10.678,17.88,20.635
1068,-0.3188,13.6785,0.1286,9.506,10.683,17.889,20.645
1069,-0.3188,13.6847,0.12862,9.51,10.687,17.898,20.656
1070,-0.3189,13.6909,0.12864,9.514,10.692,17.907,20.667
1071,-0.3189,13.6971,0.12866,9.518,10.696,17.916,20.678
1072,-0.319,13.7033,0.12868,9.522,10.701,17.925,20.689
1073,-0.319,13.7095,0.12871,9.525,10.705,17.934,20.7
1074,-0.3191,13.7157,0.12873,9.529,10.709,17.943,20.711
1075,-0.3191,13.7218,0.12875,9.533,10.714,17.952,20.722
1076,-0.3192,13.728,0.12877,9.537,10.718,17.961,20.733
1077,-0.3192,13.7342,0.12879,9.541,10.723,17.97,20.744
1078,-0.3193,13.7404,0.12881,9.544,10.727,17.978,20.755
1079,-0.3193,13.7466,0.12883,9.548,10.731,17.987,20.765
1080,-0.3194,13.7528,0.12885,9.552,10.736,17.996,20.776
1081,-0.3194,13.759,0.12887,9.556,10.74,18.005,20.787
1082,-0.3195,13.7652,0.1289,9.559,10.745,18.015,20.799
1083,-0.3195,13.7714,0.12892,9.563,10.749,18.023,20.81
1084,-0.3196,13.7776,0.12894,9.567,10.754,18.032,20.821
1085,-0.3196,13.7838,0.12896,9.571,10.758,18.041,20.832
1086,-0.3197,13.7899,0.12898,9.575,10.762,18.05,20.842
1087,-0.3197,13.7961,0.129,9.578,10.767,18.059,20.853
1088,-0.3198,13.8023,0.12902,9.582,10.771,18.068,20.864
1089,-0.3198,13.8085,0.12905,9.586,10.776,18.077,20.876
1090,-0.3198,13.8147,0.12907,9.59,10.78,18.086,20.886
1091,-0.3199,13.8209,0.12909,9.594,10.785,18.095,20.897
1092,-0.3199,13.8271,0.12911,9.597,10.789,18.104,20.908
1093,-0.32,13.8333,0.12913,9.601,10.793,18.113,20.919
1094,-0.32,13.8395,0.12915,9.605,10.798,18.122,20.93
1095,-0.3201,13.8456,0.12918,9.608,10.802,18.131,20.942
1096,-0.3201,13.8518,0.1292,9.612,10.806,18.14,20.952
1097,-0.3202,13.858,0.12922,9.616,10.811,18.149,20.963
1098,-0.3202,13.8642,0.12924,9.62,10.815,18.158,20.974
1099,-0.3203,13.8704,0.12926,9.624,10.82,18.167,20.985
1100,-0.3203,13.8766,0.12929,9.627,10.824,18.176,20.997
1101,-0.3204,13.8828,0.12931,9.631,10.829,18.185,21.008
1102,-0.3204,13.8889,0.12933,9.635,10.833,18.194,21.018
1103,-0.3205,13.8951,0.12935,9.639,10.837,18.203,21.029
1104,-0.3205,13.9013,0.12937,9.642,10.842,18.212,21.04
1105,-0.3206,13.9075,0.1294,9.646,10.846,18.221,21.052
1106,-0.3206,13.9137,0.12942,9.65,10.851,18.23,21.063
1107,-0.3207,13.9199,0.12944,9.654,10.855,18.239,21.074
1108,-0.3207,13.9261,0.12946,9.657,10.859,18.248,21.085
1109,-0.3208,13.9322,0.12948,9.661,10.864,18.257,21.096
1110,-0.3208,13.9384,0.12951,9.665,10.868,18.266,21.107
1111,-0.3208,13.9446,0.12953,9.669,10.872,18.275,21.118
1112,-0.3209,13.9508,0.12955,9.672,10.877,18.284,21.129
1113,-0.3209,13.957,0.12957,9.676,10.881,18.293,21.14
1114,-0.321,13.9632,0.1296,9.68,10.886,18.303,21.152
1115,-0.321,13.9693,0.12962,9.684,10.89,18.311,21.162
1116,-0.3211,13.9755,0.12964,9.687,10.894,18.32,21.173
1117,-0.3211,13.9817,0.12967,9.691,10.899,18.33,21.185
1118,-0.3212,13.9879,0.12969,9.695,10.903,18.339,21.196
1119,-0.3212,13.9941,0.12971,9.698,10.908,18.348,21.207
1120,-0.3213,14.0003,0.12973,9.702,10.912,18.357,21.218
1121,-0.3213,14.0064,0.12976,9.706,10.916,18.366,21.229
1122,-0.3214,14.0126,0.12978,9.71,10.921,18.375,21.24
1123,-0.3214,14.0188,0.1298,9.713,10.925,18.384,21.251
1124,-0.3215,14.025,0.12982,9.717,10.93,18.393,21.262
1125,-0.3215,14.0312,0.12985,9.721,10.934,18.402,21.274
1126,-0.3216,14.0373,0.12987,9.725,10.938,18.411,21.285
1127,-0.3216,14.0435,0.12989,9.728,10.943,18.42,21.296
1128,-0.3216,14.0497,0.12992,9.732,10.947,18.429,21.307
1129,-0.3217,14.0559,0.12994,9.736,10.951,18.438,21.318
1130,-0.3217,14.0621,0.12996,9.739,10.956,18.447,21.329
1131,-0.3218,14.0682,0.12999,9.743,10.96,18.457,21.341
1132,-0.3218,14.0744,0.13001,9.747,10.964,18.465,21.352
1133,-0.3219,14.0806,0.13003,9.751,10.969,18.475,21.363
1134,-0.3219,14.0868,0.13006,9.754,10.973,18.484,21.374
1135,-0.322,14.093,0.13008,9.758,10.977,18.493,21.385
1136,-0.322,14.0991,0.1301,9.762,10.982,18.502,21.396
1137,-0.3221,14.1053,0.13013,9.765,10.986,18.511,21.408
1138,-0.3221,14.1115,0.13015,9.769,10.99,18.52,21.419
1139,-0.3222,14.1177,0.13017,9.773,10.995,18.529,21.43
1140,-0.3222,14.1238,0.1302,9.776,10.999,18.538,21.441
1141,-0.3222,14.13,0.13022,9.78,11.003,18.547,21.452
1142,-0.3223,14.1362,0.13024,9.784,11.008,18.556,21.463
1143,-0.3223,14.1424,0.13027,9.787,11.012,18.566,21.475
1144,-0.3224,14.1485,0.13029,9.791,11.017,18.574,21.486
1145,-0.3224,14.1547,0.13032,9.795,11.021,18.584,21.497
1146,-0.3225,14.1609,0.13034,9.798,11.025,18.593,21.509
1147,-0.3225,14.1671,0.13036,9.802,11.03,18.602,21.519
1148,-0.3226,14.1732,0.13039,9.806,11.034,18.611,21.531
1149,-0.3226,14.1794,0.13041,9.809,11.038,18.62,21.542
1150,-0.3227,14.1856,0.13043,9.813,11.043,18.629,21.553
1151,-0.3227,14.1917,0.13046,9.817,11.047,18.638,21.565
1152,-0.3227,14.1979,0.13048,9.821,11.051,18.647,21.576
1153,-0.3228,14.2041,0.13051,9.824,11.055,18.657,21.587
1154,-0.3228,14.2103,0.13053,9.828,11.06,18.666,21.598
1155,-0.3229,14.2164,0.13055,9.832,11.064,18.675,21.609
1156,-0.3229,14.2226,0.13058,9.835,11.068,18.684,21.621
1157,-0.323,14.2288,0.1306,9.839,11.073,18.693,21.632
1158,-0.323,14.2349,0.13063,9.842,11.077,18.702,21.643
1159,-0.3231,14.2411,0.13065,9.846,11.082,18.711,21.655
1160,-0.3231,14.2473,0.13068,9.85,11.086,18.721,21.666
1161,-0.3232,14.2534,0.1307,9.853,11.09,18.73,21.677
1162,-0.3232,14.2596,0.13072,9.857,11.095,18.739,21.688
1163,-0.3232,14.2658,0.13075,9.861,11.099,18.748,21.7
1164,-0.3233,14.2719,0.13077,9.864,11.103,18.757,21.711
1165,-0.3233,14.2781,0.1308,9.868,11.107,18.766,21.722
1166,-0.3234,14.2843,0.13082,9.872,11.112,18.775,21.734
1167,-0.3234,14.2904,0.13085,9.875,11.116,18.784,21.745
1168,-0.3235,14.2966,0.13087,9.879,11.12,18.793,21.756
1169,-0.3235,14.3028,0.1309,9.883,11.125,18.803,21.768
1170,-0.3236,14.3089,0.13092,9.886,11.129,18.812,21.779
1171,-0.3236,14.3151,0.13095,9.89,11.133,18.821,21.791
1172,-0.3237,14.3213,0.13097,9.894,11.138,18.83,21.802
1173,-0.3237,14.3274,0.13099,9.897,11.142,18.839,21.812
1174,-0.3237,14.3336,0.13102,9.901,11.146,18.848,21.824
1175,-0.3238,14.3397,0.13104,9.905,11.15,18.857,21.835
1176,-0.3238,14.3459,0.13107,9.908,11.155,18.867,21.847
1177,-0.3239,14.3521,0.13109,9.912,11.159,18.876,21.858
1178,-0.3239,14.3582,0.13112,9.915,11.163,18.885,21.87
1179,-0.324,14.3644,0.13114,9.919,11.168,18.894,21.881
1180,-0.324,14.3705,0.13117,9.923,11.172,18.903,21.892
1181,-0.3241,14.3767,0.13119,9.926,11.176,18.912,21.903
1182,-0.3241,14.3829,0.13122,9.93,11.18,18.922,21.915
1183,-0.3241,14.389,0.13124,9.934,11.185,18.931,21.926
1184,-0.3242,14.3952,0.13127,9.937,11.189,18.94,21.938
1185,-0.3242,14.4013,0.13129,9.941,11.193,18.949,21.949
1186,-0.3243,14.4075,0.13132,9.944,11.198,18.959,21.961
1187,-0.3243,14.4136,0.13134,9.948,11.202,18.967,21.971
1188,-0.3244,14.4198,0.13137,9.952,11.206,18.977,21.983
1189,-0.3244,14.4259,0.1314,9.955,11.21,18.986,21.995
1190,-0.3245,14.4321,0.13142,9.959,11.215,18.995,22.006
1191,-0.3245,14.4382,0.13145,9.962,11.219,19.004,22.018
1192,-0.3245,14.4444,0.13147,9.966,11.223,19.013,22.029
1193,-0.3246,14.4505,0.1315,9.969,11.227,19.023,22.04
1194,-0.3246,14.4567,0.13152,9.973,11.232,19.032,22.051
1195,-0.3247,14.4628,0.13155,9.977,11.236,19.041,22.063
1196,-0.3247,14.469,0.13157,9.98,11.24,19.05,22.074
1197,-0.3248,14.4751,0.1316,9.984,11.244,19.059,22.086
1198,-0.3248,14.4813,0.13162,9.988,11.249,19.068,22.097
1199,-0.3249,14.4874,0.13165,9.991,11.253,19.078,22.109
1200,-0.3249,14.4936,0.13167,9.995,11.257,19.087,22.12
1201,-0.3249,14.4997,0.1317,9.998,11.262,19.096,22.131
1202,-0.325,14.5059,0.13173,10.002,11.266,19.106,22.143
1203,-0.325,14.512,0.13175,10.005,11.27,19.115,22.154
1204,-0.3251,14.5181,0.13178,10.009,11.274,19.124,22.166
1205,-0.3251,14.5243,0.1318,10.013,11.279,19.133,22.177
1206,-0.3252,14.5304,0.13183,10.016,11.283,19.142,22.189
1207,-0.3252,14.5366,0.13185,10.02,11.287,19.151,22.2
1208,-0.3253,14.5427,0.13188,10.023,11.291,19.161,22.211
1209,-0.3253,14.5488,0.13191,10.027,11.295,19.17,22.223
1210,-0.3253,14.555,0.13193,10.03,11.3,19.179,22.234
1211,-0.3254,14.5611,0.13196,10.034,11.304,19.188,22.246
1212,-0.3254,14.5673,0.13198,10.038,11.308,19.197,22.257
1213,-0.3255,14.5734,0.13201,10.041,11.313,19.207,22.269
1214,-0.3255,14.5795,0.13204,10.045,11.317,19.216,22.28
1215,-0.3256,14.5857,0.13206,10.048,11.321,19.225,22.292
1216,-0.3256,14.5918,0.13209,10.052,11.325,19.234,22.303
1217,-0.3257,14.5979,0.13211,10.055,11.33,19.243,22.314
1218,-0.3257,14.6041,0.13214,10.059,11.334,19.253,22.326
1219,-0.3257,14.6102,0.13217,10.062,11.338,19.262,22.338
1220,-0.3258,14.6163,0.13219,10.066,11.342,19.271,22.349
1221,-0.3258,14.6225,0.13222,10.07,11.346,19.28,22.361
1222,-0.3259,14.6286,0.13225,10.073,11.351,19.29,22.372
1223,-0.3259,14.6347,0.13227,10.077,11.355,19.299,22.383
1224,-0.326,14.6408,0.1323,10.08,11.359,19.308,22.395
1225,-0.326,14.647,0.13232,10.084,11.363,19.317,22.406
1226,-0.3261,14.6531,0.13235,10.087,11.368,19.327,22.418
1227,-0.3261,14.6592,0.13238,10.091,11.372,19.336,22.43
1228,-0.3261,14.6653,0.1324,10.094,11.376,19.345,22.441
1229,-0.3262,14.6715,0.13243,10.098,11.38,19.354,22.453
1230,-0.3262,14.6776,0.13246,10.101,11.384,19.364,22.464
1231,-0.3263,14.6837,0.13248,10.105,11.389,19.373,22.475
1232,-0.3263,14.6898,0.13251,10.108,11.393,19.382,22.487
1233,-0.3264,14.696,0.13254,10.112,11.397,19.391,22.499
1234,-0.3264,14.7021,0.13256,10.116,11.401,19.4,22.51
1235,-0.3264,14.7082,0.13259,10.119,11.405,19.41,22.522
1236,-0.3265,14.7143,0.13262,10.123,11.409,19.419,22.533
1237,-0.3265,14.7204,0.13264,10.126,11.414,19.428,22.544
1238,-0.3266,14.7265,0.13267,10.13,11.418,19.437,22.556
1239,-0.3266,14.7327,0.13269,10.133,11.422,19.446,22.567
1240,-0.3267,14.7388,0.13272,10.137,11.426,19.456,22.579
1241,-0.3267,14.7449,0.13275,10.14,11.431,19.465,22.591
1242,-0.3268,14.751,0.13278,10.144,11.435,19.475,22.603
1243,-0.3268,14.7571,0.1328,10.147,11.439,19.483,22.614
1244,-0.3268,14.7632,0.13283,10.151,11.443,19.493,22.625
1245,-0.3269,14.7693,0.13286,10.154,11.447,19.502,22.637
1246,-0.3269,14.7754,0.13288,10.158,11.451,19.511,22.648
1247,-0.327,14.7816,0.13291,10.161,11.456,19.521,22.66
1248,-0.327,14.7877,0.13294,10.165,11.46,19.53,22.672
1249,-0.3271,14.7938,0.13296,10.168,11.464,19.539,22.683
1250,-0.3271,14.7999,0.13299,10.172,11.468,19.548,22.695
1251,-0.3271,14.806,0.13302,10.175,11.472,19.558,22.707
1252,-0.3272,14.8121,0.13304,10.179,11.477,19.567,22.718
1253,-0.3272,14.8182,0.13307,10.182,11.481,19.576,22.729
1254,-0.3273,14.8243,0.1331,10.186,11.485,19.585,22.741
1255,-0.3273,14.8304,0.13312,10.189,11.489,19.594,22.752
1256,-0.3274,14.8365,0.13315,10.193,11.493,19.604,22.764
1257,-0.3274,14.8426,0.13318,10.196,11.497,19.613,22.776
1258,-0.3274,14.8487,0.13321,10.2,11.501,19.622,22.788
1259,-0.3275,14.8548,0.13323,10.203,11.506,19.631,22.799
1260,-0.3275,14.8609,0.13326,10.207,11.51,19.641,22.81
1261,-0.3276,14.867,0.13329,10.21,11.514,19.65,22.822
1262,-0.3276,14.8731,0.13331,10.214,11.518,19.659,22.833
1263,-0.3277,14.8792,0.13334,10.217,11.522,19.669,22.845
1264,-0.3277,14.8853,0.13337,10.221,11.527,19.678,22.857
1265,-0.3278,14.8913,0.13339,10.224,11.531,19.687,22.868
1266,-0.3278,14.8974,0.13342,10.228,11.535,19.696,22.88
1267,-0.3278,14.9035,0.13345,10.231,11.539,19.706,22.892
1268,-0.3279,14.9096,0.13348,10.234,11.543,19.715,22.903
1269,-0.3279,14.9157,0.1335,10.238,11.547,19.724,22.914
1270,-0.328,14.9218,0.13353,10.242,11.552,19.733,22.926
1271,-0.328,14.9279,0.13356,10.245,11.556,19.743,22.938
1272,-0.3281,14.934,0.13359,10.248,11.56,19.752,22.95
1273,-0.3281,14.94,0.13361,10.252,11.564,19.761,22.961
1274,-0.3281,14.9461,0.13364,10.255,11.568,19.77,22.973
1275,-0.3282,14.9522,0.13367,10.259,11.572,19.78,22.985
1276,-0.3282,14.9583,0.13369,10.262,11.576,19.789,22.996
1277,-0.3283,14.9644,0.13372,10.266,11.581,19.798,23.008
1278,-0.3283,14.9704,0.13375,10.269,11.585,19.807,23.019
1279,-0.3284,14.9765,0.13378,10.273,11.589,19.817,23.031
1280,-0.3284,14.9826,0.1338,10.276,11.593,19.826,23.042
1281,-0.3284,14.9887,0.13383,10.28,11.597,19.835,23.054
1282,-0.3285,14.9948,0.13386,10.283,11.601,19.845,23.066
1283,-0.3285,15.0008,0.13389,10.286,11.605,19.854,23.078
1284,-0.3286,15.0069,0.13391,10.29,11.61,19.863,23.089
1285,-0.3286,15.013,0.13394,10.293,11.614,19.872,23.101
1286,-0.3287,15.019,0.13397,10.297,11.618,19.882,23.112
1287,-0.3287,15.0251,0.134,10.3,11.622,19.891,23.124
1288,-0.3287,15.0312,0.13402,10.304,11.626,19.9,23.135
1289,-0.3288,15.0373,0.13405,10.307,11.63,19.909,23.147
1290,-0.3288,15.0433,0.13408,10.31,11.634,19.919,23.159
1291,-0.3289,15.0494,0.13411,10.314,11.638,19.928,23.171
1292,-0.3289,15.0555,0.13413,10.318,11.643,19.937,23.182
1293,-0.329,15.0615,0.13416,10.321,11.647,19.946,23.194
1294,-0.329,15.0676,0.13419,10.324,11.651,19.956,23.206
1295,-0.329,15.0736,0.13422,10.328,11.655,19.965,23.217
1296,-0.3291,15.0797,0.13425,10.331,11.659,19.975,23.229
1297,-0.3291,15.0858,0.13427,10.335,11.663,19.984,23.24
1298,-0.3292,15.0918,0.1343,10.338,11.667,19.993,23.252
1299,-0.3292,15.0979,0.13433,10.341,11.671,20.002,23.264
1300,-0.3293,15.1039,0.13436,10.345,11.675,20.012,23.276
1301,-0.3293,15.11,0.13438,10.348,11.679,20.021,23.287
1302,-0.3293,15.1161,0.13441,10.352,11.684,20.03,23.299
1303,-0.3294,15.1221,0.13444,10.355,11.688,20.039,23.311
1304,-0.3294,15.1282,0.13447,10.358,11.692,20.049,23.322
1305,-0.3295,15.1342,0.13449,10.362,11.696,20.058,23.333
1306,-0.3295,15.1403,0.13452,10.365,11.7,20.067,23.345
1307,-0.3296,15.1463,0.13455,10.369,11.704,20.076,23.357
1308,-0.3296,15.1524,0.13458,10.372,11.708,20.086,23.369
1309,-0.3296,15.1584,0.13461,10.375,11.712,20.095,23.381
1310,-0.3297,15.1645,0.13463,10.379,11.716,20.104,23.392
1311,-0.3297,15.1705,0.13466,10.382,11.72,20.113,23.404
1312,-0.3298,15.1766,0.13469,10.386,11.724,20.123,23.416
1313,-0.3298,15.1826,0.13472,10.389,11.728,20.132,23.427
1314,-0.3299,15.1887,0.13474,10.393,11.733,20.141,23.439
1315,-0.3299,15.1947,0.13477,10.396,11.737,20.151,23.45
1316,-0.3299,15.2008,0.1348,10.399,11.741,20.16,23.462
1317,-0.33,15.2068,0.13483,10.403,11.745,20.169,23.474
1318,-0.33,15.2128,0.13486,10.406,11.749,20.179,23.486
1319,-0.3301,15.2189,0.13488,10.41,11.753,20.188,23.497
1320,-0.3301,15.2249,0.13491,10.413,11.757,20.197,23.509
1321,-0.3302,15.231,0.13494,10.416,11.761,20.206,23.521
1322,-0.3302,15.237,0.13497,10.42,11.765,20.216,23.533
1323,-0.3302,15.243,0.135,10.423,11.769,20.225,23.544
1324,-0.3303,15.2491,0.13502,10.427,11.774,20.234,23.556
1325,-0.3303,15.2551,0.13505,10.43,11.777,20.243,23.567
1326,-0.3304,15.2611,0.13508,10.433,11.782,20.253,23.579
1327,-0.3304,15.2672,0.13511,10.437,11.786,20.262,23.591
1328,-0.3305,15.2732,0.13514,10.44,11.79,20.272,23.603
1329,-0.3305,15.2792,0.13516,10.443,11.794,20.28,23.614
1330,-0.3305,15.2853,0.13519,10.447,11.798,20.29,23.626
1331,-0.3306,15.2913,0.13522,10.45,11.802,20.299,23.638
1332,-0.3306,15.2973,0.13525,10.453,11.806,20.309,23.65
1333,-0.3307,15.3034,0.13527,10.457,11.81,20.318,23.661
1334,-0.3307,15.3094,0.1353,10.46,11.814,20.327,23.673
1335,-0.3308,15.3154,0.13533,10.464,11.818,20.336,23.685
1336,-0.3308,15.3214,0.13536,10.467,11.822,20.346,23.696
1337,-0.3308,15.3275,0.13539,10.47,11.826,20.355,23.708
1338,-0.3309,15.3335,0.13541,10.474,11.83,20.364,23.719
1339,-0.3309,15.3395,0.13544,10.477,11.834,20.373,23.731
1340,-0.331,15.3455,0.13547,10.481,11.838,20.383,23.743
1341,-0.331,15.3516,0.1355,10.484,11.842,20.392,23.755
1342,-0.3311,15.3576,0.13553,10.487,11.846,20.402,23.767
1343,-0.3311,15.3636,0.13555,10.491,11.851,20.41,23.778
1344,-0.3311,15.3696,0.13558,10.494,11.855,20.42,23.79
1345,-0.3312,15.3756,0.13561,10.497,11.859,20.429,23.802
1346,-0.3312,15.3817,0.13564,10.501,11.863,20.439,23.814
1347,-0.3313,15.3877,0.13567,10.504,11.867,20.448,23.826
1348,-0.3313,15.3937,0.13569,10.508,11.871,20.457,23.837
1349,-0.3314,15.3997,0.13572,10.511,11.875,20.466,23.849
1350,-0.3314,15.4057,0.13575,10.514,11.879,20.476,23.86
1351,-0.3314,15.4117,0.13578,10.517,11.883,20.485,23.872
1352,-0.3315,15.4178,0.13581,10.521,11.887,20.495,23.884
1353,-0.3315,15.4238,0.13584,10.524,11.891,20.504,23.896
1354,-0.3316,15.4298,0.13586,10.528,11.895,20.513,23.907
1355,-0.3316,15.4358,0.13589,10.531,11.899,20.522,23.919
1356,-0.3317,15.4418,0.13592,10.534,11.903,20.532,23.931
1357,-0.3317,15.4478,0.13595,10.538,11.907,20.541,23.943
1358,-0.3317,15.4538,0.13598,10.541,11.911,20.55,23.955
1359,-0.3318,15.4598,0.136,10.544,11.915,20.559,23.966
1360,-0.3318,15.4658,0.13603,10.548,11.919,20.569,23.978
1361,-0.3319,15.4719,0.13606,10.551,11.923,20.578,23.99
1362,-0.3319,15.4779,0.13609,10.554,11.927,20.587,24.002
1363,-0.332,15.4839,0.13612,10.558,11.931,20.597,24.014
1364,-0.332,15.4899,0.13614,10.561,11.936,20.606,24.025
1365,-0.332,15.4959,0.13617,10.564,11.94,20.615,24.037
1366,-0.3321,15.5019,0.1362,10.568,11.944,20.625,24.049
1367,-0.3321,15.5079,0.13623,10.571,11.947,20.634,24.06
1368,-0.3322,15.5139,0.13626,10.574,11.951,20.643,24.073
1369,-0.3322,15.5199,0.13628,10.578,11.956,20.652,24.084
1370,-0.3322,15.5259,0.13631,10.581,11.96,20.662,24.095
1371,-0.3323,15.5319,0.13634,10.584,11.964,20.671,24.107
1372,-0.3323,15.5379,0.13637,10.588,11.968,20.68,24.119
1373,-0.3324,15.5439,0.1364,10.591,11.972,20.69,24.131
1374,-0.3324,15.5499,0.13642,10.595,11.976,20.699,24.142
1375,-0.3325,15.5559,0.13645,10.598,11.98,20.708,24.154
1376,-0.3325,15.5619,0.13648,10.601,11.984,20.717,24.166
1377,-0.3325,15.5679,0.13651,10.604,11.988,20.727,24.178
1378,-0.3326,15.5739,0.13654,10.608,11.992,20.736,24.19
1379,-0.3326,15.5799,0.13656,10.611,11.996,20.745,24.201
1380,-0.3327,15.5859,0.13659,10.615,12,20.755,24.213
1381,-0.3327,15.5918,0.13662,10.618,12.004,20.764,24.225
1382,-0.3328,15.5978,0.13665,10.621,12.008,20.773,24.237
1383,-0.3328,15.6038,0.13668,10.624,12.012,20.783,24.249
1384,-0.3328,15.6098,0.1367,10.628,12.016,20.792,24.26
1385,-0.3329,15.6158,0.13673,10.631,12.02,20.801,24.272
1386,-0.3329,15.6218,0.13676,10.634,12.024,20.81,24.284
1387,-0.333,15.6278,0.13679,10.638,12.028,20.82,24.296
1388,-0.333,15.6338,0.13682,10.641,12.032,20.829,24.308
1389,-0.3331,15.6398,0.13684,10.645,12.036,20.838,24.319
1390,-0.3331,15.6458,0.13687,10.648,12.04,20.848,24.331
1391,-0.3331,15.6517,0.1369,10.651,12.044,20.857,24.343
1392,-0.3332,15.6577,0.13693,10.654,12.048,20.866,24.355
1393,-0.3332,15.6637,0.13696,10.657,12.052,20.876,24.367
1394,-0.3333,15.6697,0.13698,10.661,12.056,20.885,24.378
1395,-0.3333,15.6757,0.13701,10.664,12.06,20.894,24.39
1396,-0.3334,15.6817,0.13704,10.668,12.064,20.903,24.402
1397,-0.3334,15.6877,0.13707,10.671,12.068,20.913,24.414
1398,-0.3334,15.6936,0.1371,10.674,12.072,20.922,24.426
1399,-0.3335,15.6996,0.13712,10.678,12.076,20.931,24.437
1400,-0.3335,15.7056,0.13715,10.681,12.08,20.941,24.449
1401,-0.3336,15.7116,0.13718,10.684,12.084,20.95,24.461
1402,-0.3336,15.7176,0.13721,10.687,12.088,20.959,24.473
1403,-0.3337,15.7236,0.13724,10.691,12.092,20.969,24.485
1404,-0.3337,15.7295,0.13726,10.694,12.096,20.978,24.496
1405,-0.3337,15.7355,0.13729,10.697,12.1,20.987,24.508
1406,-0.3338,15.7415,0.13732,10.701,12.104,20.997,24.52
1407,-0.3338,15.7475,0.13735,10.704,12.108,21.006,24.532
1408,-0.3339,15.7534,0.13737,10.707,12.112,21.015,24.543
1409,-0.3339,15.7594,0.1374,10.711,12.116,21.024,24.555
1410,-0.3339,15.7654,0.13743,10.714,12.12,21.034,24.567
1411,-0.334,15.7714,0.13746,10.717,12.124,21.043,24.579
1412,-0.334,15.7774,0.13749,10.72,12.128,21.052,24.591
1413,-0.3341,15.7833,0.13751,10.724,12.132,21.061,24.602
1414,-0.3341,15.7893,0.13754,10.727,12.136,21.071,24.614
1415,-0.3342,15.7953,0.13757,10.731,12.14,21.08,24.626
1416,-0.3342,15.8013,0.1376,10.734,12.144,21.09,24.638
1417,-0.3342,15.8072,0.13763,10.737,12.148,21.099,24.65
1418,-0.3343,15.8132,0.13765,10.74,12.152,21.108,24.661
1419,-0.3343,15.8192,0.13768,10.744,12.156,21.117,24.673
1420,-0.3344,15.8252,0.13771,10.747,12.16,21.127,24.685
1421,-0.3344,15.8311,0.13774,10.75,12.164,21.136,24.697
1422,-0.3345,15.8371,0.13776,10.754,12.168,21.145,24.708
1423,-0.3345,15.8431,0.13779,10.757,12.172,21.155,24.72
1424,-0.3345,15.849,0.13782,10.76,12.176,21.164,24.732
1425,-0.3346,15.855,0.13785,10.763,12.18,21.173,24.744
1426,-0.3346,15.861,0.13788,10.767,12.184,21.183,24.756
1427,-0.3347,15.8669,0.1379,10.77,12.188,21.192,24.767
1428,-0.3347,15.8729,0.13793,10.773,12.192,21.201,24.779
1429,-0.3348,15.8789,0.13796,10.777,12.196,21.211,24.792
1430,-0.3348,15.8849,0.13799,10.78,12.2,21.22,24.804
1431,-0.3348,15.8908,0.13801,10.783,12.204,21.229,24.815
1432,-0.3349,15.8968,0.13804,10.787,12.208,21.238,24.827
1433,-0.3349,15.9028,0.13807,10.79,12.212,21.248,24.839
1434,-0.335,15.9087,0.1381,10.793,12.216,21.257,24.851
1435,-0.335,15.9147,0.13813,10.796,12.219,21.267,24.863
1436,-0.3351,15.9207,0.13815,10.8,12.224,21.276,24.874
1437,-0.3351,15.9266,0.13818,10.803,12.228,21.285,24.886
1438,-0.3351,15.9326,0.13821,10.806,12.231,21.294,24.898
1439,-0.3352,15.9386,0.13824,10.81,12.235,21.304,24.91
1440,-0.3352,15.9445,0.13826,10.813,12.24,21.313,24.921
1441,-0.3353,15.9505,0.13829,10.816,12.243,21.322,24.933
1442,-0.3353,15.9565,0.13832,10.819,12.247,21.332,24.945
1443,-0.3354,15.9624,0.13835,10.823,12.251,21.341,24.957
1444,-0.3354,15.9684,0.13838,10.826,12.255,21.35,24.969
1445,-0.3354,15.9744,0.1384,10.829,12.259,21.359,24.981
1446,-0.3355,15.9803,0.13843,10.833,12.263,21.369,24.993
1447,-0.3355,15.9863,0.13846,10.836,12.267,21.378,25.005
1448,-0.3356,15.9922,0.13849,10.839,12.271,21.388,25.017
1449,-0.3356,15.9982,0.13851,10.843,12.275,21.397,25.028
1450,-0.3357,16.0042,0.13854,10.846,12.279,21.406,25.04
1451,-0.3357,16.0101,0.13857,10.849,12.283,21.415,25.052
1452,-0.3357,16.0161,0.1386,10.852,12.287,21.425,25.064
1453,-0.3358,16.0221,0.13862,10.856,12.291,21.434,25.075
1454,-0.3358,16.028,0.13865,10.859,12.295,21.443,25.087
1455,-0.3359,16.034,0.13868,10.862,12.299,21.453,25.1
1456,-0.3359,16.0399,0.13871,10.865,12.303,21.462,25.111
1457,-0.3359,16.0459,0.13873,10.869,12.307,21.471,25.123
1458,-0.336,16.0519,0.13876,10.872,12.311,21.481,25.135
1459,-0.336,16.0578,0.13879,10.875,12.315,21.49,25.147
1460,-0.3361,16.0638,0.13882,10.879,12.319,21.499,25.159
1461,-0.3361,16.0697,0.13884,10.882,12.323,21.508,25.17
1462,-0.3362,16.0757,0.13887,10.885,12.327,21.518,25.182
1463,-0.3362,16.0817,0.1389,10.888,12.331,21.527,25.194
1464,-0.3362,16.0876,0.13893,10.892,12.335,21.537,25.206
1465,-0.3363,16.0936,0.13895,10.895,12.339,21.546,25.218
1466,-0.3363,16.0995,0.13898,10.898,12.343,21.555,25.23
1467,-0.3364,16.1055,0.13901,10.902,12.347,21.565,25.242
1468,-0.3364,16.1115,0.13904,10.905,12.351,21.574,25.254
1469,-0.3365,16.1174,0.13907,10.908,12.354,21.584,25.266
1470,-0.3365,16.1234,0.13909,10.911,12.359,21.592,25.277
1471,-0.3365,16.1293,0.13912,10.915,12.362,21.602,25.289
1472,-0.3366,16.1353,0.13915,10.918,12.366,21.611,25.301
1473,-0.3366,16.1413,0.13918,10.921,12.37,21.621,25.314
1474,-0.3367,16.1472,0.1392,10.925,12.374,21.63,25.325
1475,-0.3367,16.1532,0.13923,10.928,12.378,21.639,25.337
1476,-0.3368,16.1591,0.13926,10.931,12.382,21.649,25.349
1477,-0.3368,16.1651,0.13928,10.934,12.386,21.658,25.36
1478,-0.3368,16.171,0.13931,10.938,12.39,21.667,25.372
1479,-0.3369,16.177,0.13934,10.941,12.394,21.677,25.384
1480,-0.3369,16.1829,0.13937,10.944,12.398,21.686,25.396
1481,-0.337,16.1889,0.13939,10.948,12.402,21.695,25.408
1482,-0.337,16.1949,0.13942,10.951,12.406,21.705,25.42
1483,-0.3371,16.2008,0.13945,10.954,12.41,21.714,25.432
1484,-0.3371,16.2068,0.13948,10.957,12.414,21.723,25.444
1485,-0.3371,16.2127,0.1395,10.961,12.418,21.732,25.455
1486,-0.3372,16.2187,0.13953,10.964,12.422,21.742,25.468
1487,-0.3372,16.2246,0.13956,10.967,12.426,21.751,25.48
1488,-0.3373,16.2306,0.13959,10.97,12.43,21.761,25.492
1489,-0.3373,16.2365,0.13961,10.974,12.434,21.77,25.503
1490,-0.3374,16.2425,0.13964,10.977,12.438,21.779,25.515
1491,-0.3374,16.2485,0.13967,10.98,12.442,21.789,25.527
1492,-0.3374,16.2544,0.1397,10.983,12.446,21.798,25.539
1493,-0.3375,16.2604,0.13972,10.987,12.45,21.807,25.551
1494,-0.3375,16.2663,0.13975,10.99,12.454,21.817,25.563
1495,-0.3376,16.2723,0.13978,10.993,12.457,21.826,25.575
1496,-0.3376,16.2782,0.1398,10.997,12.462,21.835,25.586
1497,-0.3377,16.2842,0.13983,11,12.465,21.845,25.599
1498,-0.3377,16.2901,0.13986,11.003,12.469,21.854,25.611
1499,-0.3377,16.2961,0.13989,11.006,12.473,21.864,25.623
1500,-0.3378,16.302,0.13991,11.01,12.477,21.872,25.634
1501,-0.3378,16.308,0.13994,11.013,12.481,21.882,25.646
1502,-0.3379,16.314,0.13997,11.016,12.485,21.892,25.659
1503,-0.3379,16.3199,0.14,11.019,12.489,21.901,25.671
1504,-0.338,16.3259,0.14002,11.023,12.493,21.91,25.682
1505,-0.338,16.3318,0.14005,11.026,12.497,21.919,25.694
1506,-0.338,16.3378,0.14008,11.029,12.501,21.929,25.706
1507,-0.3381,16.3437,0.1401,11.033,12.505,21.938,25.718
1508,-0.3381,16.3497,0.14013,11.036,12.509,21.947,25.73
1509,-0.3382,16.3556,0.14016,11.039,12.513,21.957,25.742
1510,-0.3382,16.3616,0.14019,11.042,12.517,21.966,25.754
1511,-0.3383,16.3675,0.14021,11.046,12.521,21.975,25.766
1512,-0.3383,16.3735,0.14024,11.049,12.525,21.985,25.778
1513,-0.3383,16.3794,0.14027,11.052,12.529,21.994,25.79
1514,-0.3384,16.3854,0.14029,11.055,12.533,22.003,25.801
1515,-0.3384,16.3913,0.14032,11.059,12.537,22.013,25.813
1516,-0.3385,16.3973,0.14035,11.062,12.541,22.022,25.826
1517,-0.3385,16.4032,0.14038,11.065,12.544,22.032,25.838
1518,-0.3386,16.4092,0.1404,11.068,12.549,22.041,25.849
1519,-0.3386,16.4151,0.14043,11.072,12.552,22.05,25.861
1520,-0.3386,16.4211,0.14046,11.075,12.556,22.06,25.873
1521,-0.3387,16.427,0.14048,11.078,12.56,22.069,25.885
1522,-0.3387,16.433,0.14051,11.081,12.564,22.078,25.897
1523,-0.3388,16.4389,0.14054,11.085,12.568,22.088,25.909
1524,-0.3388,16.4449,0.14056,11.088,12.572,22.097,25.92
1525,-0.3389,16.4508,0.14059,11.091,12.576,22.106,25.933
1526,-0.3389,16.4568,0.14062,11.094,12.58,22.116,25.945
1527,-0.3389,16.4627,0.14065,11.097,12.584,22.125,25.957
1528,-0.339,16.4687,0.14067,11.101,12.588,22.134,25.969
1529,-0.339,16.4746,0.1407,11.104,12.592,22.144,25.981
1530,-0.3391,16.4806,0.14073,11.107,12.596,22.154,25.993
1531,-0.3391,16.4865,0.14075,11.111,12.6,22.162,26.004
1532,-0.3392,16.4925,0.14078,11.114,12.604,22.172,26.017
1533,-0.3392,16.4984,0.14081,11.117,12.608,22.181,26.029
1534,-0.3392,16.5044,0.14083,11.121,12.612,22.191,26.04
1535,-0.3393,16.5103,0.14086,11.124,12.616,22.2,26.052
1536,-0.3393,16.5163,0.14089,11.127,12.619,22.21,26.065
1537,-0.3394,16.5222,0.14091,11.13,12.624,22.219,26.076
1538,-0.3394,16.5282,0.14094,11.134,12.627,22.228,26.088
1539,-0.3395,16.5341,0.14097,11.137,12.631,22.238,26.101
1540,-0.3395,16.5401,0.141,11.14,12.635,22.247,26.113
1541,-0.3396,16.546,0.14102,11.143,12.639,22.256,26.124
1542,-0.3396,16.552,0.14105,11.147,12.643,22.266,26.136
1543,-0.3396,16.5579,0.14108,11.15,12.647,22.275,26.148
1544,-0.3397,16.5639,0.1411,11.153,12.651,22.284,26.16
1545,-0.3397,16.5698,0.14113,11.156,12.655,22.294,26.172
1546,-0.3398,16.5758,0.14116,11.16,12.659,22.303,26.185
1547,-0.3398,16.5817,0.14118,11.163,12.663,22.312,26.196
1548,-0.3399,16.5876,0.14121,11.166,12.667,22.322,26.208
1549,-0.3399,16.5936,0.14124,11.169,12.671,22.331,26.22
1550,-0.3399,16.5995,0.14126,11.173,12.675,22.34,26.232
1551,-0.34,16.6055,0.14129,11.176,12.679,22.35,26.244
1552,-0.34,16.6114,0.14132,11.179,12.682,22.359,26.256
1553,-0.3401,16.6174,0.14134,11.182,12.687,22.369,26.268
1554,-0.3401,16.6233,0.14137,11.186,12.69,22.378,26.28
1555,-0.3402,16.6293,0.1414,11.189,12.694,22.388,26.292
1556,-0.3402,16.6352,0.14142,11.192,12.698,22.397,26.304
1557,-0.3402,16.6412,0.14145,11.195,12.702,22.406,26.316
1558,-0.3403,16.6471,0.14148,11.199,12.706,22.416,26.328
1559,-0.3403,16.653,0.1415,11.202,12.71,22.425,26.339
1560,-0.3404,16.659,0.14153,11.205,12.714,22.434,26.352
1561,-0.3404,16.6649,0.14156,11.208,12.718,22.444,26.364
1562,-0.3405,16.6709,0.14158,11.212,12.722,22.453,26.376
1563,-0.3405,16.6768,0.14161,11.215,12.726,22.462,26.388
1564,-0.3405,16.6828,0.14164,11.218,12.73,22.472,26.4
1565,-0.3406,16.6887,0.14166,11.221,12.734,22.481,26.412
1566,-0.3406,16.6947,0.14169,11.225,12.738,22.491,26.424
1567,-0.3407,16.7006,0.14172,11.228,12.742,22.5,26.436
1568,-0.3407,16.7065,0.14174,11.231,12.746,22.509,26.447
1569,-0.3408,16.7125,0.14177,11.234,12.75,22.519,26.46
1570,-0.3408,16.7184,0.14179,11.238,12.754,22.528,26.471
1571,-0.3408,16.7244,0.14182,11.241,12.757,22.537,26.484
1572,-0.3409,16.7303,0.14185,11.244,12.761,22.547,26.496
1573,-0.3409,16.7363,0.14187,11.248,12.765,22.556,26.507
1574,-0.341,16.7422,0.1419,11.251,12.769,22.565,26.52
1575,-0.341,16.7481,0.14193,11.254,12.773,22.575,26.532
1576,-0.3411,16.7541,0.14195,11.257,12.777,22.584,26.544
1577,-0.3411,16.76,0.14198,11.26,12.781,22.594,26.556
1578,-0.3412,16.766,0.14201,11.264,12.785,22.603,26.568
1579,-0.3412,16.7719,0.14203,11.267,12.789,22.612,26.58
1580,-0.3412,16.7778,0.14206,11.27,12.793,22.622,26.592
1581,-0.3413,16.7838,0.14209,11.273,12.797,22.631,26.604
1582,-0.3413,16.7897,0.14211,11.277,12.801,22.64,26.615
1583,-0.3414,16.7957,0.14214,11.28,12.805,22.65,26.628
1584,-0.3414,16.8016,0.14216,11.283,12.809,22.659,26.639
1585,-0.3415,16.8075,0.14219,11.286,12.812,22.669,26.652
1586,-0.3415,16.8135,0.14222,11.29,12.816,22.678,26.664
1587,-0.3415,16.8194,0.14224,11.293,12.82,22.687,26.675
1588,-0.3416,16.8254,0.14227,11.296,12.824,22.697,26.688
1589,-0.3416,16.8313,0.1423,11.299,12.828,22.706,26.7
1590,-0.3417,16.8372,0.14232,11.303,12.832,22.715,26.712
1591,-0.3417,16.8432,0.14235,11.306,12.836,22.725,26.724
1592,-0.3418,16.8491,0.14237,11.309,12.84,22.734,26.736
1593,-0.3418,16.855,0.1424,11.312,12.844,22.744,26.748
1594,-0.3418,16.861,0.14243,11.316,12.848,22.753,26.76
1595,-0.3419,16.8669,0.14245,11.319,12.852,22.762,26.772
1596,-0.3419,16.8729,0.14248,11.322,12.856,22.772,26.784
1597,-0.342,16.8788,0.14251,11.325,12.86,22.781,26.796
1598,-0.342,16.8847,0.14253,11.329,12.864,22.79,26.808
1599,-0.3421,16.8907,0.14256,11.332,12.868,22.8,26.82
1600,-0.3421,16.8966,0.14258,11.335,12.872,22.809,26.832
1601,-0.3421,16.9025,0.14261,11.338,12.875,22.819,26.844
1602,-0.3422,16.9085,0.14264,11.342,12.879,22.828,26.856
1603,-0.3422,16.9144,0.14266,11.345,12.883,22.837,26.868
1604,-0.3423,16.9203,0.14269,11.348,12.887,22.847,26.88
1605,-0.3423,16.9263,0.14271,11.351,12.891,22.856,26.892
1606,-0.3424,16.9322,0.14274,11.355,12.895,22.866,26.904
1607,-0.3424,16.9381,0.14277,11.358,12.899,22.875,26.916
1608,-0.3425,16.9441,0.14279,11.361,12.903,22.884,26.928
1609,-0.3425,16.95,0.14282,11.364,12.907,22.894,26.94
1610,-0.3425,16.9559,0.14284,11.368,12.911,22.903,26.952
1611,-0.3426,16.9619,0.14287,11.371,12.915,22.912,26.964
1612,-0.3426,16.9678,0.1429,11.374,12.918,22.922,26.977
1613,-0.3427,16.9737,0.14292,11.377,12.923,22.931,26.988
1614,-0.3427,16.9796,0.14295,11.38,12.926,22.941,27
1615,-0.3428,16.9856,0.14297,11.384,12.93,22.95,27.012
1616,-0.3428,16.9915,0.143,11.387,12.934,22.959,27.024
1617,-0.3428,16.9974,0.14303,11.39,12.938,22.969,27.037
1618,-0.3429,17.0034,0.14305,11.394,12.942,22.978,27.048
1619,-0.3429,17.0093,0.14308,11.397,12.946,22.988,27.061
1620,-0.343,17.0152,0.1431,11.4,12.95,22.997,27.072
1621,-0.343,17.0211,0.14313,11.403,12.954,23.006,27.084
1622,-0.3431,17.0271,0.14315,11.407,12.958,23.015,27.096
1623,-0.3431,17.033,0.14318,11.41,12.962,23.025,27.108
1624,-0.3431,17.0389,0.14321,11.413,12.966,23.034,27.121
1625,-0.3432,17.0448,0.14323,11.416,12.97,23.043,27.132
1626,-0.3432,17.0508,0.14326,11.419,12.973,23.053,27.145
1627,-0.3433,17.0567,0.14328,11.423,12.978,23.062,27.156
1628,-0.3433,17.0626,0.14331,11.426,12.981,23.072,27.169
1629,-0.3434,17.0685,0.14334,11.429,12.985,23.081,27.181
1630,-0.3434,17.0744,0.14336,11.432,12.989,23.09,27.192
1631,-0.3434,17.0804,0.14339,11.435,12.993,23.1,27.205
1632,-0.3435,17.0863,0.14341,11.439,12.997,23.109,27.217
1633,-0.3435,17.0922,0.14344,11.442,13.001,23.119,27.229
1634,-0.3436,17.0981,0.14346,11.445,13.005,23.128,27.24
1635,-0.3436,17.104,0.14349,11.448,13.009,23.137,27.253
1636,-0.3437,17.11,0.14352,11.452,13.013,23.147,27.265
1637,-0.3437,17.1159,0.14354,11.455,13.017,23.156,27.277
1638,-0.3438,17.1218,0.14357,11.458,13.02,23.166,27.289
1639,-0.3438,17.1277,0.14359,11.461,13.024,23.175,27.301
1640,-0.3438,17.1336,0.14362,11.464,13.028,23.184,27.313
1641,-0.3439,17.1395,0.14364,11.468,13.032,23.193,27.325
1642,-0.3439,17.1455,0.14367,11.471,13.036,23.203,27.337
1643,-0.344,17.1514,0.14369,11.474,13.04,23.212,27.349
1644,-0.344,17.1573,0.14372,11.478,13.044,23.222,27.361
1645,-0.3441,17.1632,0.14375,11.481,13.048,23.231,27.374
1646,-0.3441,17.1691,0.14377,11.484,13.052,23.24,27.385
1647,-0.3441,17.175,0.1438,11.487,13.056,23.25,27.397
1648,-0.3442,17.1809,0.14382,11.49,13.06,23.259,27.409
1649,-0.3442,17.1868,0.14385,11.494,13.063,23.269,27.421
1650,-0.3443,17.1927,0.14387,11.497,13.067,23.278,27.433
1651,-0.3443,17.1987,0.1439,11.5,13.071,23.287,27.445
1652,-0.3444,17.2046,0.14392,11.504,13.075,23.296,27.457
1653,-0.3444,17.2105,0.14395,11.507,13.079,23.306,27.469
1654,-0.3444,17.2164,0.14398,11.51,13.083,23.316,27.482
1655,-0.3445,17.2223,0.144,11.513,13.087,23.325,27.493
1656,-0.3445,17.2282,0.14403,11.516,13.091,23.334,27.506
1657,-0.3446,17.2341,0.14405,11.52,13.095,23.343,27.517
1658,-0.3446,17.24,0.14408,11.523,13.098,23.353,27.53
1659,-0.3447,17.2459,0.1441,11.526,13.103,23.362,27.541
1660,-0.3447,17.2518,0.14413,11.529,13.106,23.372,27.554
1661,-0.3448,17.2577,0.14415,11.532,13.11,23.381,27.565
1662,-0.3448,17.2636,0.14418,11.535,13.114,23.39,27.578
1663,-0.3448,17.2695,0.1442,11.539,13.118,23.399,27.589
1664,-0.3449,17.2754,0.14423,11.542,13.122,23.409,27.602
1665,-0.3449,17.2813,0.14426,11.545,13.126,23.419,27.614
1666,-0.345,17.2872,0.14428,11.548,13.13,23.428,27.626
1667,-0.345,17.2931,0.14431,11.551,13.134,23.437,27.638
1668,-0.3451,17.299,0.14433,11.555,13.138,23.446,27.65
1669,-0.3451,17.3049,0.14436,11.558,13.141,23.456,27.662
1670,-0.3451,17.3108,0.14438,11.561,13.145,23.465,27.674
1671,-0.3452,17.3167,0.14441,11.564,13.149,23.475,27.686
1672,-0.3452,17.3226,0.14443,11.568,13.153,23.484,27.698
1673,-0.3453,17.3285,0.14446,11.571,13.157,23.493,27.71
1674,-0.3453,17.3344,0.14448,11.574,13.161,23.502,27.722
1675,-0.3454,17.3402,0.14451,11.577,13.165,23.512,27.734
1676,-0.3454,17.3461,0.14453,11.581,13.169,23.521,27.746
1677,-0.3454,17.352,0.14456,11.584,13.172,23.531,27.758
1678,-0.3455,17.3579,0.14458,11.587,13.177,23.54,27.77
1679,-0.3455,17.3638,0.14461,11.59,13.18,23.549,27.782
1680,-0.3456,17.3697,0.14463,11.593,13.184,23.559,27.794
1681,-0.3456,17.3756,0.14466,11.597,13.188,23.568,27.806
1682,-0.3457,17.3815,0.14468,11.6,13.192,23.577,27.818
1683,-0.3457,17.3873,0.14471,11.603,13.196,23.587,27.83
1684,-0.3457,17.3932,0.14473,11.606,13.2,23.596,27.842
1685,-0.3458,17.3991,0.14476,11.609,13.204,23.605,27.854
1686,-0.3458,17.405,0.14479,11.612,13.207,23.615,27.867
1687,-0.3459,17.4109,0.14481,11.616,13.211,23.624,27.879
1688,-0.3459,17.4167,0.14484,11.619,13.215,23.634,27.891
1689,-0.346,17.4226,0.14486,11.622,13.219,23.643,27.903
1690,-0.346,17.4285,0.14489,11.625,13.223,23.652,27.915
1691,-0.346,17.4344,0.14491,11.629,13.227,23.661,27.926
1692,-0.3461,17.4403,0.14494,11.632,13.231,23.671,27.939
1693,-0.3461,17.4461,0.14496,11.635,13.235,23.68,27.95
1694,-0.3462,17.452,0.14499,11.638,13.238,23.69,27.963
1695,-0.3462,17.4579,0.14501,11.641,13.242,23.699,27.975
1696,-0.3463,17.4637,0.14504,11.644,13.246,23.708,27.987
1697,-0.3463,17.4696,0.14506,11.648,13.25,23.717,27.999
1698,-0.3463,17.4755,0.14509,11.651,13.254,23.727,28.011
1699,-0.3464,17.4814,0.14511,11.654,13.258,23.736,28.023
1700,-0.3464,17.4872,0.14514,11.657,13.262,23.746,28.035
1701,-0.3465,17.4931,0.14516,11.661,13.266,23.755,28.047
1702,-0.3465,17.499,0.14519,11.664,13.269,23.764,28.059
1703,-0.3466,17.5048,0.14521,11.667,13.273,23.774,28.071
1704,-0.3466,17.5107,0.14524,11.67,13.277,23.783,28.083
1705,-0.3467,17.5166,0.14526,11.673,13.281,23.792,28.095
1706,-0.3467,17.5224,0.14529,11.676,13.285,23.802,28.107
1707,-0.3467,17.5283,0.14531,11.68,13.289,23.811,28.119
1708,-0.3468,17.5341,0.14534,11.683,13.293,23.82,28.131
1709,-0.3468,17.54,0.14536,11.686,13.297,23.83,28.143
1710,-0.3469,17.5459,0.14539,11.689,13.3,23.839,28.156
1711,-0.3469,17.5517,0.14541,11.692,13.304,23.848,28.167
1712,-0.347,17.5576,0.14544,11.695,13.308,23.858,28.18
1713,-0.347,17.5634,0.14546,11.699,13.312,23.867,28.191
1714,-0.347,17.5693,0.14549,11.702,13.316,23.876,28.203
1715,-0.3471,17.5751,0.14551,11.705,13.32,23.886,28.215
1716,-0.3471,17.581,0.14553,11.708,13.324,23.895,28.227
1717,-0.3472,17.5868,0.14556,11.711,13.327,23.904,28.239
1718,-0.3472,17.5927,0.14558,11.715,13.331,23.913,28.251
1719,-0.3473,17.5985,0.14561,11.718,13.335,23.923,28.263
1720,-0.3473,17.6044,0.14563,11.721,13.339,23.932,28.275
1721,-0.3473,17.6102,0.14566,11.724,13.343,23.941,28.287
1722,-0.3474,17.6161,0.14568,11.727,13.347,23.951,28.299
1723,-0.3474,17.6219,0.14571,11.73,13.35,23.96,28.311
1724,-0.3475,17.6278,0.14573,11.734,13.354,23.969,28.323
1725,-0.3475,17.6336,0.14576,11.737,13.358,23.979,28.335
1726,-0.3476,17.6394,0.14578,11.74,13.362,23.988,28.347
1727,-0.3476,17.6453,0.14581,11.743,13.366,23.998,28.36
1728,-0.3476,17.6511,0.14583,11.746,13.37,24.006,28.371
1729,-0.3477,17.657,0.14586,11.749,13.374,24.016,28.384
1730,-0.3477,17.6628,0.14588,11.753,13.377,24.025,28.395
1731,-0.3478,17.6686,0.14591,11.756,13.381,24.035,28.408
1732,-0.3478,17.6745,0.14593,11.759,13.385,24.044,28.419
1733,-0.3479,17.6803,0.14596,11.762,13.389,24.054,28.432
1734,-0.3479,17.6861,0.14598,11.765,13.393,24.062,28.443
1735,-0.3479,17.692,0.146,11.769,13.397,24.072,28.455
1736,-0.348,17.6978,0.14603,11.772,13.4,24.081,28.467
1737,-0.348,17.7036,0.14605,11.775,13.404,24.09,28.479
1738,-0.3481,17.7095,0.14608,11.778,13.408,24.1,28.492
1739,-0.3481,17.7153,0.1461,11.781,13.412,24.109,28.503
1740,-0.3482,17.7211,0.14613,11.784,13.416,24.119,28.516
1741,-0.3482,17.7269,0.14615,11.788,13.42,24.127,28.527
1742,-0.3482,17.7328,0.14618,11.791,13.423,24.137,28.54
1743,-0.3483,17.7386,0.1462,11.794,13.427,24.146,28.551
1744,-0.3483,17.7444,0.14623,11.797,13.431,24.156,28.564
1745,-0.3484,17.7502,0.14625,11.8,13.435,24.165,28.575
1746,-0.3484,17.7561,0.14628,11.803,13.439,24.174,28.588
1747,-0.3485,17.7619,0.1463,11.806,13.443,24.184,28.6
1748,-0.3485,17.7677,0.14632,11.81,13.447,24.193,28.611
1749,-0.3485,17.7735,0.14635,11.813,13.45,24.202,28.623
1750,-0.3486,17.7793,0.14637,11.816,13.454,24.211,28.635
1751,-0.3486,17.7851,0.1464,11.819,13.458,24.221,28.647
1752,-0.3487,17.791,0.14642,11.822,13.462,24.23,28.659
1753,-0.3487,17.7968,0.14645,11.825,13.465,24.239,28.672
1754,-0.3488,17.8026,0.14647,11.829,13.469,24.249,28.683
1755,-0.3488,17.8084,0.1465,11.832,13.473,24.258,28.696
1756,-0.3488,17.8142,0.14652,11.835,13.477,24.267,28.707
1757,-0.3489,17.82,0.14654,11.838,13.481,24.276,28.719
1758,-0.3489,17.8258,0.14657,11.841,13.485,24.286,28.731
1759,-0.349,17.8316,0.14659,11.844,13.489,24.295,28.743
1760,-0.349,17.8374,0.14662,11.847,13.492,24.304,28.755
1761,-0.3491,17.8432,0.14664,11.851,13.496,24.313,28.767
1762,-0.3491,17.849,0.14667,11.854,13.5,24.323,28.78
1763,-0.3491,17.8548,0.14669,11.857,13.504,24.332,28.791
1764,-0.3492,17.8606,0.14672,11.86,13.507,24.342,28.804
1765,-0.3492,17.8664,0.14674,11.863,13.511,24.351,28.815
1766,-0.3493,17.8722,0.14676,11.866,13.515,24.36,28.827
1767,-0.3493,17.878,0.14679,11.869,13.519,24.369,28.839
1768,-0.3493,17.8838,0.14681,11.873,13.523,24.378,28.851
1769,-0.3494,17.8896,0.14684,11.876,13.526,24.388,28.864
1770,-0.3494,17.8954,0.14686,11.879,13.53,24.397,28.875
1771,-0.3495,17.9012,0.14689,11.882,13.534,24.406,28.888
1772,-0.3495,17.907,0.14691,11.885,13.538,24.415,28.899
1773,-0.3496,17.9128,0.14693,11.888,13.542,24.425,28.911
1774,-0.3496,17.9186,0.14696,11.891,13.546,24.434,28.923
1775,-0.3496,17.9243,0.14698,11.894,13.549,24.443,28.935
1776,-0.3497,17.9301,0.14701,11.897,13.553,24.453,28.947
1777,-0.3497,17.9359,0.14703,11.901,13.557,24.462,28.959
1778,-0.3498,17.9417,0.14706,11.904,13.561,24.471,28.972
1779,-0.3498,17.9475,0.14708,11.907,13.565,24.48,28.983
1780,-0.3499,17.9533,0.1471,11.91,13.569,24.489,28.995
1781,-0.3499,17.959,0.14713,11.913,13.572,24.499,29.007
1782,-0.3499,17.9648,0.14715,11.916,13.576,24.508,29.018
1783,-0.35,17.9706,0.14718,11.919,13.58,24.518,29.031
1784,-0.35,17.9764,0.1472,11.923,13.584,24.527,29.043
1785,-0.3501,17.9821,0.14722,11.926,13.587,24.536,29.054
1786,-0.3501,17.9879,0.14725,11.929,13.591,24.545,29.067
1787,-0.3502,17.9937,0.14727,11.932,13.595,24.554,29.079
1788,-0.3502,17.9995,0.1473,11.935,13.599,24.564,29.091
1789,-0.3502,18.0052,0.14732,11.938,13.602,24.573,29.102
1790,-0.3503,18.011,0.14735,11.941,13.606,24.582,29.115
1791,-0.3503,18.0168,0.14737,11.944,13.61,24.591,29.127
1792,-0.3504,18.0225,0.14739,11.948,13.614,24.6,29.138
1793,-0.3504,18.0283,0.14742,11.951,13.618,24.61,29.151
1794,-0.3505,18.0341,0.14744,11.954,13.621,24.619,29.163
1795,-0.3505,18.0398,0.14747,11.957,13.625,24.629,29.175
1796,-0.3505,18.0456,0.14749,11.96,13.629,24.638,29.186
1797,-0.3506,18.0513,0.14751,11.963,13.633,24.647,29.198
1798,-0.3506,18.0571,0.14754,11.966,13.636,24.656,29.21
1799,-0.3507,18.0629,0.14756,11.969,13.64,24.665,29.222
1800,-0.3507,18.0686,0.14759,11.972,13.644,24.675,29.235
1801,-0.3507,18.0744,0.14761,11.975,13.648,24.684,29.246
1802,-0.3508,18.0801,0.14763,11.979,13.652,24.693,29.258
1803,-0.3508,18.0859,0.14766,11.982,13.655,24.702,29.27
1804,-0.3509,18.0916,0.14768,11.985,13.659,24.711,29.282
1805,-0.3509,18.0974,0.14771,11.988,13.663,24.721,29.294
1806,-0.351,18.1031,0.14773,11.991,13.667,24.73,29.306
1807,-0.351,18.1089,0.14775,11.994,13.671,24.739,29.318
1808,-0.351,18.1146,0.14778,11.997,13.674,24.748,29.33
1809,-0.3511,18.1204,0.1478,12,13.678,24.758,29.342
1810,-0.3511,18.1261,0.14783,12.003,13.682,24.767,29.354
1811,-0.3512,18.1319,0.14785,12.007,13.686,24.776,29.366
1812,-0.3512,18.1376,0.14787,12.01,13.689,24.785,29.377
1813,-0.3513,18.1434,0.1479,12.013,13.693,24.795,29.39
1814,-0.3513,18.1491,0.14792,12.016,13.697,24.804,29.402
1815,-0.3513,18.1548,0.14794,12.019,13.701,24.813,29.413
1816,-0.3514,18.1606,0.14797,12.022,13.704,24.822,29.426
1817,-0.3514,18.1663,0.14799,12.025,13.708,24.831,29.437
1818,-0.3515,18.172,0.14802,12.028,13.712,24.841,29.45
1819,-0.3515,18.1778,0.14804,12.031,13.716,24.85,29.461
1820,-0.3515,18.1835,0.14806,12.034,13.719,24.859,29.473
1821,-0.3516,18.1892,0.14809,12.037,13.723,24.868,29.485
1822,-0.3516,18.195,0.14811,12.041,13.727,24.877,29.497
1823,-0.3517,18.2007,0.14814,12.044,13.731,24.887,29.51
1824,-0.3517,18.2064,0.14816,12.047,13.734,24.896,29.521
1825,-0.3518,18.2122,0.14818,12.05,13.738,24.905,29.533
1826,-0.3518,18.2179,0.14821,12.053,13.742,24.914,29.545
1827,-0.3518,18.2236,0.14823,12.056,13.746,24.923,29.557
1828,-0.3519,18.2293,0.14825,12.059,13.749,24.932,29.568
1829,-0.3519,18.235,0.14828,12.062,13.753,24.942,29.581
1830,-0.352,18.2408,0.1483,12.065,13.757,24.951,29.593
1831,-0.352,18.2465,0.14833,12.068,13.761,24.96,29.605
1832,-0.352,18.2522,0.14835,12.071,13.764,24.969,29.616
1833,-0.3521,18.2579,0.14837,12.075,13.768,24.978,29.628
1834,-0.3521,18.2636,0.1484,12.077,13.772,24.988,29.64
1835,-0.3522,18.2693,0.14842,12.081,13.776,24.997,29.652
1836,-0.3522,18.2751,0.14844,12.084,13.779,25.006,29.664
1837,-0.3523,18.2808,0.14847,12.087,13.783,25.016,29.677
1838,-0.3523,18.2865,0.14849,12.09,13.787,25.025,29.688
1839,-0.3523,18.2922,0.14852,12.093,13.79,25.034,29.7
1840,-0.3524,18.2979,0.14854,12.096,13.794,25.043,29.712
1841,-0.3524,18.3036,0.14856,12.099,13.798,25.052,29.723
1842,-0.3525,18.3093,0.14859,12.102,13.802,25.062,29.736
1843,-0.3525,18.315,0.14861,12.105,13.805,25.07,29.748
1844,-0.3526,18.3207,0.14863,12.108,13.809,25.08,29.759
1845,-0.3526,18.3264,0.14866,12.111,13.813,25.089,29.772
1846,-0.3526,18.3321,0.14868,12.114,13.817,25.098,29.783
1847,-0.3527,18.3378,0.14871,12.117,13.82,25.108,29.796
1848,-0.3527,18.3435,0.14873,12.12,13.824,25.116,29.807
1849,-0.3528,18.3492,0.14875,12.124,13.828,25.126,29.819
1850,-0.3528,18.3549,0.14878,12.127,13.831,25.135,29.832
1851,-0.3528,18.3606,0.1488,12.13,13.835,25.144,29.843
1852,-0.3529,18.3663,0.14882,12.133,13.839,25.153,29.855
1853,-0.3529,18.372,0.14885,12.136,13.843,25.163,29.867
1854,-0.353,18.3777,0.14887,12.139,13.846,25.172,29.879
1855,-0.353,18.3834,0.14889,12.142,13.85,25.181,29.89
1856,-0.3531,18.389,0.14892,12.145,13.854,25.19,29.903
